category,brand,name,price,avg_rating,num_ratings
Lip Makeup,MAC,Lip Liner Pencil,$25.00,4.7,2007.0
Lip Makeup,MAC,M·A·Cximal Silky Matte Lipstick,$25.00,4.6,1677.0
Lip Makeup,Clinique,Almost Lipstick,$18.75,4.5,3311.0
Lip Makeup,NYX Professional Makeup,Lingerie Lip Liner Stain,$12.00,4.2,702.0
Lip Makeup,MAC,M·A·Cximal Sleek Satin Lipstick,$25.00,4.6,1310.0
Lip Makeup,OLEHENRIKSEN,Pout Preserve Hydrating Peptide Lip Treatment,$12.00 - $24.00,4.5,977.0
Lip Makeup,SACHEU,Peel Off Lip Liner STAY-N,$14.00,4.4,4845.0
Lip Makeup,Benefit Cosmetics,Benetint Liquid Lip & Cheek Stain,$28.00,4.2,2999.0
Lip Makeup,NYX Professional Makeup,Slim Lip Pencil,$6.00,4.3,4764.0
Lip Makeup,e.l.f. Cosmetics,Glow Reviver Lip Oil,$9.00,4.7,11600.0
Lip Makeup,MAC,Lipglass Cushion High-Pigment Lip Oil,$25.00,4.6,209.0
Lip Makeup,FENTY BEAUTY by Rihanna,Gloss Bomb Universal Lip Luminizer,$23.00,4.5,583.0
Lip Makeup,e.l.f. Cosmetics,Glow Reviver Melting Lip Balm,$9.00,4.7,2741.0
Lip Makeup,Charlotte Tilbury,Lip Cheat Long-Lasting Waterproof Lip Liner,$28.00,4.7,701.0
Lip Makeup,NYX Professional Makeup,Butter Gloss Non-Sticky Lip Gloss,$6.00,4.5,7433.0
Lip Makeup,L'Oréal,Blurfiller Blurring Lip Contour,$12.99,4.5,282.0
Lip Makeup,NYX Professional Makeup,Suede Matte Lip Liner Velvet Soft Vegan Lip Pencil,$6.00,4.2,1846.0
Lip Makeup,Morphe,Signature Lip Pencil,$7.00,4.8,581.0
Lip Makeup,Buxom,Full-On Plumping Lip Polish,$25.00 - $26.00,4.7,4435.0
Lip Makeup,NYX Professional Makeup,Jelly Job Lip Gloss,$12.00,4.6,1278.0
Lip Makeup,KYLIE COSMETICS,Glossy Lip Kit,$35.00,4.7,860.0
Lip Makeup,Clinique,Quickliner For Lips Lip Liner,$18.75,4.4,683.0
Lip Makeup,FENTY BEAUTY by Rihanna,Gloss Bomb Stix High-Shimmer Gloss Stick,$26.00,4.6,1066.0
Lip Makeup,KYLIE COSMETICS,Matte Lip Kit,$35.00,3.7,4785.0
Lip Makeup,KYLIE COSMETICS,Lip Butter,$21.00,4.5,1377.0
Lip Makeup,Clinique,Pop Longwear Lipstick,$19.50,4.2,221.0
Lip Makeup,NYX Professional Makeup,Lip IV Hydrating Gloss Stain,$12.00,4.5,1273.0
Lip Makeup,Rare Beauty,Soft Pinch Tinted Lip Oil,$24.00,4.8,2102.0
Lip Makeup,MAC,Lustreglass Sheer-Shine Lipstick,$27.00,4.6,2821.0
Lip Makeup,FENTY BEAUTY by Rihanna,Gloss Bomb Stix High-Shine Gloss Stick,$26.00,4.6,707.0
Lip Makeup,Charlotte Tilbury,Matte Revolution Hydrating Lipstick,$37.00 - $39.00,4.6,497.0
Lip Makeup,e.l.f. Cosmetics,Glow Reviver Slipstick,$10.00,4.8,352.0
Lip Makeup,TATCHA,The Melting Lip Balm Volumizing & Restorative Peptide Treatment,$29.00,4.9,175.0
Lip Makeup,SACHEU,Peel Off Lip Liner STAY-N Bundle,$35.00,4.4,4845.0
Lip Makeup,MAC,Lipglass High Shine Lip Gloss,$24.00,4.5,1422.0
Lip Makeup,e.l.f. Cosmetics,Cream Glide Lip Liner,$3.00,4.7,3584.0
Lip Makeup,MAC,Powder Kiss Hazy Matte Lipstick,$27.00,4.7,632.0
Lip Makeup,FENTY BEAUTY by Rihanna,Trace'd Out Pencil Lip Liner,$22.00,4.2,386.0
Lip Makeup,NYX Professional Makeup,Lip Lingerie XXL Long-Lasting Matte Liquid Lipstick,$11.00,4.2,1384.0
Lip Makeup,NYX Professional Makeup,Line Loud Longwear Lip Liner,$8.00,4.3,762.0
Lip Makeup,NYX Professional Makeup,Fat Oil Lip Drip Lip Oil,$10.00,4.5,3410.0
Lip Makeup,Clinique,Chubby Stick Moisturizing Lip Color Tinted Lip Balm,$19.50,4.6,3736.0
Lip Makeup,FENTY BEAUTY by Rihanna,Gloss Bomb Heat Universal Lip Luminizer + Plumper,$26.00,4.2,450.0
Lip Makeup,Morphe,Lip Filter Hydroplump Soft Matte Lipstick,$15.00,4.5,416.0
Lip Makeup,ILIA,Multi-Stick Cream Blush + Highlighter + Lip Tint,$36.00,4.6,2353.0
Lip Makeup,Clinique,Dramatically Different Lipstick Shaping Lip Colour,$21.75,3.7,863.0
Lip Makeup,e.l.f. Cosmetics,Sheer For It Blush Lip + Cheek Tint,$6.00,4.5,6249.0
Lip Makeup,Too Faced,Lip Injection Maximum Plump Extra Strength Lip Plumper Gloss,$33.00,3.8,1820.0
Lip Makeup,Anastasia Beverly Hills,Velvety-Matte Precision Shaping Lip Liner,$22.00,4.7,1677.0
Lip Makeup,cocokind,Ceramide Lip Blur Balm Hydrating & Smoothing Lip Treatment,$11.99,4.6,829.0
Lip Makeup,MILK MAKEUP,Cooling Water Jelly Tint Lip + Cheek Blush Stain,$26.00,4.6,1045.0
Lip Makeup,MAC,Mini M·A·Cximal Silky Matte Lipstick,$16.00,4.8,173.0
Lip Makeup,NYX Professional Makeup,Fat Matte Lipstick,$12.00,4.6,324.0
Lip Makeup,FENTY BEAUTY by Rihanna,Gloss Bomb Oil Luminizing Lip Oil 'N Gloss,$26.00,4.8,1181.0
Lip Makeup,Clinique,Pop Lip + Cheek Oil,$20.25,4.6,1006.0
Lip Makeup,Tarte,Maracuja Juicy Lip Plumping Gloss,$27.00,4.2,1198.0
Lip Makeup,Anastasia Beverly Hills,Full-Pigment Matte & Satin Velvet Lipstick,$26.00,4.6,1845.0
Lip Makeup,Morphe,Liplock Glossy Lipstick,$15.00,4.7,438.0
Lip Makeup,MAC,Lipglass Air Non-Sticky Lipgloss,$25.00,4.7,969.0
Lip Makeup,e.l.f. Cosmetics,Glow Reviver Plumping Lip Oil,$9.00,4.4,218.0
Lip Makeup,Anastasia Beverly Hills,Universal Luminous Tinted Lip Gloss,$23.00,4.5,2258.0
Lip Makeup,Maybelline,SuperStay Matte Ink Liquid Lipstick,$12.99,4.4,18872.0
Lip Makeup,L'Oréal,Hyaluron Tint Lip Stain Serum,$13.99,4.1,303.0
Lip Makeup,Maybelline,Super Stay Teddy Tint Long Lasting Matte Lip Tint,$12.99,3.8,693.0
Lip Makeup,MAC,Locked Kiss Ink Lipstick,$35.00,4.5,866.0
Lip Makeup,ULTA Beauty Collection,Weightless Water Lip Stain,$11.50,4.2,720.0
Lip Makeup,ULTA Beauty Collection,Cosmetic Pencil Sharpener,$5.00,4.6,1628.0
Lip Makeup,Charlotte Tilbury,K.I.S.S.I.N.G Satin Shine Lipstick,$37.00 - $39.00,4.6,498.0
Lip Makeup,L'Oréal,Colour Riche Original Satin Lipstick,$12.49,4.3,1944.0
Lip Makeup,MAC,Dazzlelips Crayon Lipstick,$28.00,4.6,946.0
Lip Makeup,Juvia's Place,Luxe Lip Liners,$13.00,4.5,759.0
Lip Makeup,L'Oréal,Plump Ambition Hyaluron Lip Oil 24HR Care with Hyaluronic Acid,$13.99,4.6,311.0
Lip Makeup,Dior,Addict Lip Glow Oil,$42.00,4.8,769.0
Lip Makeup,Lancôme,Lip Idôle Squalane-12 Butterglow Hydrating Lip Balm,$32.00,4.8,2823.0
Lip Makeup,NYX Professional Makeup,Smushy Matte Lip Balm,$9.00,4.4,1436.0
Lip Makeup,Clinique,Clinique Pop Plush Creamy Lip Gloss,$20.25,4.3,182.0
Lip Makeup,Lancôme,L'Absolu Rouge Cream Lipstick,$35.00,4.6,1090.0
Lip Makeup,ULTA Beauty Collection,Automatic Retractable Lip Liner,$9.50,4.2,1880.0
Lip Makeup,MAC,Powder Kiss Liquid Lip & Cheek Mousse,$27.00,4.6,721.0
Lip Makeup,ColourPop,Fresh Kiss Glossy Peptide Lip Balm,$10.00,4.7,273.0
Lip Makeup,KYLIE COSMETICS,Precision Pout Lip Liner,$19.00,4.6,766.0
Lip Makeup,TATCHA,The Kissu Hydrating & Plumping Lip Mask,$29.00,4.5,338.0
Lip Makeup,Charlotte Tilbury,Pillow Talk Long Lasting Blush Balm Sheer Lip Tint,$32.00,4.7,466.0
Lip Makeup,e.l.f. Cosmetics,Squeeze Me More Lip Balm Duo,$9.00,4.6,565.0
Lip Makeup,MAC,Lipglazer Glossy Liner,$25.00,4.7,394.0
Lip Makeup,NYX Professional Makeup,Duck Plump Retractable Plumping Lip Liner,$10.00,4.0,603.0
Lip Makeup,Polite Society,B.I.G Mouth XL Plump Intensive Lip Plumping Concentrate,$32.00,4.3,191.0
Lip Makeup,Buxom,Full-On Plumping Lip Cream,$26.00,4.6,2232.0
Lip Makeup,Morphe,Dripglass Glazed High Shine Lip Gloss,$13.00,4.7,1297.0
Lip Makeup,NYX Professional Makeup,Fat Oil Slick Click Lip Balm,$12.00,4.5,855.0
Lip Makeup,Tarte,tarte x FINNSUL The Ultimate Juicy Duo Lip & Sip Set,$27.00,5.0,1.0
Lip Makeup,Maybelline,Lifter Liner Lip Liner with Hyaluronic Acid,$9.99,4.6,624.0
Lip Makeup,NYX Professional Makeup,Retractable Long-Lasting Mechanical Lip Liner,$6.00,4.1,1178.0
Lip Makeup,e.l.f. Cosmetics,Squeeze Me Lip Balm,$5.00,4.5,2776.0
Lip Makeup,STARFACE,Star Balm Lip Balm,$6.99,4.6,879.0
Lip Makeup,Essence,Extreme Shine Volume Lipgloss,$1.99 - $3.99,4.4,666.0
Lip Makeup,ILIA,Lip Sketch Hydrating Crayon,$27.00,4.6,892.0
Lip Makeup,NYX Professional Makeup,Shine Loud High Shine Long-Lasting Liquid Lipstick,$6.50 - $13.00,4.0,2539.0
Lip Makeup,ULTA Beauty Collection,Too Cheeky Lip & Cheek Color Stick,$13.00,4.3,730.0
Lip Makeup,Tarte,Maracuja Vegan Juicy Lip Balm,$27.00,4.6,1854.0
Lip Makeup,ULTA Beauty Collection,Luxe Satin Lipstick,$12.00,4.2,793.0
Lip Makeup,Maybelline,Lifter Gloss with Hyaluronic Acid,$12.99,4.6,4045.0
Lip Makeup,The Ordinary,"Squalane + Amino Acids Hydrating Lip Balm for Lips, Elbows, and Cuticles",$9.50,3.6,952.0
Lip Makeup,The Ordinary,PHA 5% Exfoliating Lip Serum,$8.50,4.4,152.0
Lip Makeup,Aquaphor,Lip Repair,$5.99 - $11.99,4.6,3589.0
Lip Makeup,Maybelline,Super Stay Vinyl Ink Liquid Lipcolor,$13.99,4.5,15580.0
Lip Makeup,Buxom,Power Line Plumping Lip Liner,$24.00,4.5,1370.0
Lip Makeup,Rare Beauty,Kind Words Matte Lip Liner,$18.00,4.9,714.0
Lip Makeup,CHANEL,LE ROUGE DUO ULTRA TENUE Ultrawear Liquid Lip Colour,$53.00,4.5,136.0
Lip Makeup,Too Faced,Kissing Jelly Hydrating Lip Oil Gloss,$22.00,4.5,710.0
Lip Makeup,Dior,Addict Lip Glow Lip Balm,$42.00,4.6,1642.0
Lip Makeup,Urban Decay Cosmetics,Lip Toy pH Staining Lip Oil,$24.00,4.6,301.0
Lip Makeup,Anastasia Beverly Hills,Lip Velvet Full-Pigment Lip Mousse,$28.00,4.5,695.0
Lip Makeup,Charlotte Tilbury,Unreal Lips Healthy Glow Nectar Nourishing Lip Oil,$26.00,4.7,418.0
Lip Makeup,ULTA Beauty Collection,Juice Infused Lip Oil,$10.50,4.3,3228.0
Lip Makeup,Tarte,smolderEYES Shadow Liner,$26.00,3.7,34.0
Lip Makeup,r.e.m. beauty,Essential Drip Glossy Balm,$20.00,4.7,849.0
Lip Makeup,NARS,Afterglow Lip Balm,$30.00,4.6,202.0
Lip Makeup,NYX Professional Makeup,Duck Plump High Pigment Lip Plumping Gloss,$13.00,3.6,1983.0
Lip Makeup,e.l.f. Cosmetics,Glow Reviver Lip Oil Glimmer,$9.00,4.7,4308.0
Lip Makeup,Urban Decay Cosmetics,24/7 Glide-On Waterproof Lip Liner,$25.00,4.5,2725.0
Lip Makeup,Moroccanoil,Lip Balm – Hydrating Argan Butter + Peptide Lip Treatment,$22.00,4.6,178.0
Lip Makeup,Revlon,Super Lustrous Lipstick,$10.99 - $11.99,4.4,6338.0
Lip Makeup,Dior,Addict Lip Maximizer Gloss,$42.00,4.6,1959.0
Lip Makeup,ULTA Beauty Collection,Shiny Sheer Lip Gloss,$5.50,4.1,1203.0
Lip Makeup,Rare Beauty,Positive Light Luminizing Lip Gloss,$20.00,4.9,177.0
Lip Makeup,ULTA Beauty Collection,Lip Quench Hydrating Balm,$10.00,4.6,400.0
Lip Makeup,Morphe,Soulmatte Velvet Lip Mousse,$14.00,4.6,577.0
Lip Makeup,HALF MAGIC,Magic Drip Glitter Lip Gloss,$24.00,4.3,101.0
Lip Makeup,Lancôme,Juicy Tubes Original Lip Gloss,$25.00,4.6,2212.0
Lip Makeup,Revlon,ColorStay Lip Liner,$10.99,4.5,1329.0
Lip Makeup,Essence,Hydra Kiss Lip Oil,$2.49 - $4.99,3.8,229.0
Lip Makeup,MILK MAKEUP,Lip + Cheek Cream Blush Stick and Lip Color,$24.00,4.6,815.0
Lip Makeup,Stila,Stay All Day Liquid Lipstick Matte,$25.00,4.3,5400.0
Lip Makeup,RoC,Derm Correxion Lip Volumizer,$32.99,4.4,1507.0
Lip Makeup,ILIA,Overglaze Hydrating Lip Gloss for 24-Hour Moisture,$26.00,4.9,355.0
Lip Makeup,Tarte,Maracuja Juicy Lip Liner,$23.00,4.4,96.0
Lip Makeup,OLEHENRIKSEN,Pout Preserve Chillers Peptide Lip Treatment,$24.00,4.7,35.0
Lip Makeup,DAISE,Peptide Lip Butter Balm,$6.99,4.3,112.0
Lip Makeup,Buxom,Plump Shot Plumping and Smoothing Lip Serum Gloss with Peptides and Hyaluronic Acid,$29.00,4.4,3724.0
Lip Makeup,Tarte,Maracuja Juicy Lip Tattoo,$29.00,2.5,49.0
Lip Makeup,CHANEL,ROUGE COCO FLASH Hydrating Vibrant Shine Lip Colour,$50.00 - $53.00,4.0,47.0
Lip Makeup,Charlotte Tilbury,Collagen Lip Bath Gloss,$37.00,3.9,28.0
Lip Makeup,KYLIE COSMETICS,Velvet Lip Kit,$35.00,4.0,709.0
Lip Makeup,Too Faced,Lip Injection Extreme Hydrating Lip Plumper Gloss,$33.00,3.5,3274.0
Lip Makeup,HOURGLASS,Phantom Volumizing Glossy Balm,$38.00,4.6,439.0
Lip Makeup,Polite Society,Polite Pout Glossy Lip Balm,$21.00,4.5,319.0
Lip Makeup,NARS,Afterglow Lip Shine Gloss,$32.00,4.7,622.0
Lip Makeup,Estée Lauder,Pure Color Cream Lipstick,$42.00,4.3,112.0
Lip Makeup,ULTA Beauty Collection,Plumped Up Pout Lip Gloss,$6.00 - $13.00,3.9,266.0
Lip Makeup,FENTY BEAUTY by Rihanna,Stunna Lip Paint Longwear Fluid Lip Color,$29.00,3.7,200.0
Lip Makeup,Vaseline,Lip Therapy Lip Balm,$3.99 - $4.99,4.7,32.0
Lip Makeup,e.l.f. Cosmetics,Glossy Lip Stain,$7.00,4.2,3788.0
Lip Makeup,Too Faced,Lip Injection Extreme Lip Shaper Plumping Lip Liner,$24.00,4.2,922.0
Lip Makeup,Naturium,Phyto-Glow Lip Balm,$9.99,3.3,1202.0
Lip Makeup,Juvia's Place,Longwear Lip Liner,$13.00,3.8,32.0
Lip Makeup,Polite Society,Petite & Popular 6 Piece Discovery Set,$36.00,4.8,65.0
Lip Makeup,NARS,Afterglow Lipstick,$36.00,4.4,702.0
Lip Makeup,Maybelline,Serum Lipstick,$9.99,4.7,408.0
Lip Makeup,Clinique,Honey Lip Trio Makeup Set,$26.25,4.0,4.0
Lip Makeup,Sweet & Shimmer,Pinky Promise Glossy Lip Tint,$4.99,4.0,3.0
Lip Makeup,Too Faced,Lip Injection Cooling Lip Plumper Gloss,$28.00,3.9,303.0
Lip Makeup,NYX Professional Makeup,Soft Matte Lip Cream Lightweight Liquid Lipstick,$7.00,4.3,11809.0
Lip Makeup,ULTA Beauty Collection,Jelly Gloss Lip Gel,$11.00,4.5,192.0
Lip Makeup,L'Oréal,Infallible Matte Resistance Liquid Lipstick,$15.99,4.4,484.0
Lip Makeup,Sweet & Shimmer,Totally Cherry Glossy Lip Tint,$4.99,4.0,2.0
Lip Makeup,MAC,M·A·CXIMAL Silky Matte Viva Glam Lipstick,$25.00,4.8,128.0
Lip Makeup,Essence,8H Matte Comfort Lipliner,$1.99 - $3.99,4.2,109.0
Lip Makeup,Tarte,Maracuja Juicy Lip Plump Shimmer Glass,$27.00,4.6,576.0
Lip Makeup,Morphe,Soulmatte Filling Gel Lip Liner,$9.00,4.7,560.0
Lip Makeup,Milani,Fruit Fetish Lip Oil,$12.99,4.6,1336.0
Lip Makeup,Sweet & Shimmer,Sweet Peach Teddy Lip Balm,$4.99,3.0,3.0
Lip Makeup,Supergoop!,Glow Gloss SPF 40 Lip Balm with Peptides & Shea Butter,$22.00,4.5,279.0
Lip Makeup,Tarte,Maracuja Juicy Plumping Lip Oil,$27.00,3.4,84.0
Lip Makeup,KYLIE COSMETICS,Plumping Lip Liner,$19.00,4.5,593.0
Lip Makeup,Bubble,Tell All Lip Balm,$9.00,4.6,418.0
Lip Makeup,Rosebud Perfume Co.,Smith's Lip Balm,$7.00 - $8.00,4.5,1390.0
Lip Makeup,Sweet & Shimmer,Grape Fizz Teddy Lip Balm,$4.99,5.0,4.0
Lip Makeup,ColourPop,Cloud Whip Liquid Lipstick,$10.00,4.9,207.0
Lip Makeup,L.A. Girl,Perfect Precision Lip Liner Pencil,$3.50 - $4.00,4.4,356.0
Lip Makeup,Urban Decay Cosmetics,Vice Lip Bond Glossy Longwear Liquid Lipstick,$28.00,4.4,2781.0
Lip Makeup,ILIA,Balmy Tint Hydrating Lip Balm,$29.00,4.7,767.0
Lip Makeup,Sweet & Shimmer,Berry Burst Teddy Lip Balm,$4.99,3.4,5.0
Lip Makeup,Sweet & Shimmer,Crystal Clear Glossy Lip Tint,$4.99,5.0,1.0
Lip Makeup,Lancôme,Lip Idôle JuicyTreat Oil-in-Gloss,$32.00,4.8,1830.0
Lip Makeup,Polite Society,B.I.G. Mouth Lip Plumping Oil Gloss,$27.00,3.9,522.0
Lip Makeup,MAC,Squirt Plumping Lip Gloss Stick,$26.00,4.4,544.0
Lip Makeup,OSEA,Dream Lip Mask,$28.00,4.9,109.0
Lip Makeup,Lancôme,Lip Idôle Lip Shaper,$25.00,4.7,756.0
Lip Makeup,Clinique,Moisture Surge Lip Hydro-Plump Treatment Lip Balm,$17.25,4.5,304.0
Lip Makeup,Polite Society,Travel Size B.I.G. Mouth Lip Plumping Oil Gloss,$15.00,3.9,522.0
Lip Makeup,Bubble,TALK BACK Hydrating Lip Serum,$12.00,4.9,1343.0
Lip Makeup,Juvia's Place,The Nude Velvety Matte Lipstick,$15.00,4.7,1174.0
Lip Makeup,SACHEU,Peel Off STAY-N Nude Lip Duo,$20.00,3.5,18.0
Lip Makeup,Tarte,Maracuja Juicy Lip Vinyl,$27.00,4.3,226.0
Lip Makeup,Maybelline,SuperStay Ink Crayon Lipstick,$12.99,4.4,1433.0
Lip Makeup,BYOMA,Liptide pH Color-Changing Lip Oil,$11.99,3.9,469.0
Lip Makeup,Aquaphor,Lip Repair Stick SPF 30,$5.99,3.1,81.0
Lip Makeup,Charlotte Tilbury,Big Lip Plumpgasm Plumping Lip Gloss,$37.00,4.5,971.0
Lip Makeup,MAC,Clear Lipglass Lip Gloss,$24.00,4.0,109.0
Lip Makeup,fwee,Lip&Cheek Blurry Pudding Pot,$20.00,4.7,193.0
Lip Makeup,FENTY BEAUTY by Rihanna,Poutsicle Hydrating Lip Stain,$28.00,4.3,545.0
Lip Makeup,NARS,Explicit Lipstick,$42.00,4.6,448.0
Lip Makeup,Anastasia Beverly Hills,Smudge-Proof Matte Liquid Lipstick,$23.00,4.3,7270.0
Lip Makeup,CoverGirl,Outlast Lipstain,$11.99,4.0,822.0
Lip Makeup,fwee,Long-Lasting Dual Coloring Stick Lip Liner,$17.00,4.5,4.0
Lip Makeup,CHANEL,ROUGE COCO GLOSS Moisturizing Glossimer,$42.00,4.4,41.0
Lip Makeup,ULTA Beauty Collection,Magic Marker Lip Stain,$11.50,4.2,313.0
Lip Makeup,TIRTIR,Waterism Glow Tint,$8.00,3.8,48.0
Lip Makeup,BOBBI BROWN,Crushed Lip Color Moisturizing Lipstick,$35.00,4.2,339.0
Lip Makeup,Milani,Keep It Full Plumping Lip Liner,$11.99,4.4,293.0
Lip Makeup,Revlon,Revlon Super Lustrous Ultra Lipstick,$15.99,4.6,842.0
Lip Makeup,ULTA Beauty Collection,Velvet Matte Lip Crayon,$12.00,4.4,379.0
Lip Makeup,NARS,Powermatte High Intensity Lip Pencil,$32.00,4.6,639.0
Lip Makeup,FENTY BEAUTY by Rihanna,Gloss Bomb Cream Color Drip Lip Cream,$23.00,4.4,173.0
Lip Makeup,Kopari Beauty,Lip Love Moisture Balm,$24.00 - $26.00,4.8,245.0
Lip Makeup,bareMinerals,GEN NUDE Dew in One Cheek & Lip Stick,$23.00,4.7,328.0
Lip Makeup,Too Faced,Travel Size Lip Injection Maximum Plump Extra Strength Hydrating Lip Plumper,$18.00,3.8,1820.0
Lip Makeup,ColourPop,Long-Lasting Lippie Pencil,$7.00,4.3,569.0
Lip Makeup,Too Faced,Pillow Balm Hydrating Lip Treatment,$27.00,4.6,813.0
Lip Makeup,PEACH & LILY,Collagen Cushion Peptide Lip Balm,$22.00,4.2,238.0
Lip Makeup,The Crème Shop,Plush Pout Lip Butter,$14.00,4.2,88.0
Lip Makeup,about-face,Cherry Pick Lip Shimmer,$18.00,4.0,10.0
Lip Makeup,MAC,Glow Play Tendertalk Lip Balm,$26.00,4.6,628.0
Lip Makeup,MAC,Prep + Prime Lip Primer,$25.00,4.4,204.0
Lip Makeup,NARS,Powermatte Long-Lasting Lipstick,$36.00,4.7,635.0
Lip Makeup,DIBS Beauty,Go To Glossy Balm,$24.00,4.8,739.0
Lip Makeup,bareMinerals,Lip Gloss-Balm,$24.00,4.6,564.0
Lip Makeup,MAC,Lipstick Matte,$23.00,4.6,3208.0
Lip Makeup,VT Cosmetics,Reedle Shot Lip Plumper Expert,$16.00,4.5,28.0
Lip Makeup,ULTA Beauty Collection,Solar Flare Lip Topper,$12.50,4.3,28.0
Lip Makeup,Estée Lauder,Futurist HydraPlump Tinted Lip Balm,$38.00,4.8,60.0
Lip Makeup,Saltair,Lip Oil Balm,$10.00,4.4,259.0
Lip Makeup,CHANEL,N°1 DE CHANEL Lip and Cheek Balm,$50.00,4.4,70.0
Lip Makeup,La Roche-Posay,Cicaplast B5 Lip Balm for Dry Lips,$11.99,4.4,615.0
Lip Makeup,Clarins,Lip Comfort Hydrating & Plumping Oil,$32.00,4.7,4831.0
Lip Makeup,ULTA Beauty Collection,Plumped Up Pout Lip Balm,$11.00,4.3,53.0
Lip Makeup,L'Oréal,Plump Ambition pH Hyaluron Lip Oil,$13.99,4.7,360.0
Lip Makeup,fwee,3D Voluming Gloss 70%,$17.00,4.7,144.0
Lip Makeup,NYX Professional Makeup,Suede Matte Lipstick Lightweight Vegan Lipstick,$4.50,4.4,1277.0
Lip Makeup,Essence,The Super Peptide Glossy Lip Treatment,$4.99,4.8,146.0
Lip Makeup,BOBBI BROWN,Extra Plump Hydrating Lip Oil,$39.00,4.7,440.0
Lip Makeup,Maybelline,Color Sensational Shaping Lip Liner,$8.49,4.2,8098.0
Lip Makeup,Stila,Calligraphy Lip Stain,$25.00,3.3,308.0
Lip Makeup,Charlotte Tilbury,Hot Lips Lipstick 2,$39.00,4.4,18.0
Lip Makeup,Dior,Addict Lip Glow Butter,$42.00,4.6,1379.0
Lip Makeup,KYLIE COSMETICS,High Gloss,$14.00 - $20.00,4.2,2110.0
Lip Makeup,Too Faced,Kissing Juicy Tint Lip Balm,$26.00,4.4,824.0
Lip Makeup,Sol de Janeiro,Brazilian Kiss Cupuaçu Lip Butter,$18.00,4.8,11538.0
Lip Makeup,Charlotte Tilbury,Lip Cheat Contour Duo Lip Liner,$28.00,4.4,5.0
Lip Makeup,Urban Decay Cosmetics,Grindhouse Double Barrel Sharpener,$12.00,4.7,952.0
Lip Makeup,fresh,Sugar Lip Balm Hydrating Treatment,$26.00,4.3,1451.0
Lip Makeup,ULTA Beauty Collection,Sculpting Peptide Lip Liner with Brush Tip,$13.00,4.4,196.0
Lip Makeup,NYX Professional Makeup,Fat Oil Lip Drip Chillz Cooling Lip Oil,$10.00,4.5,299.0
Lip Makeup,Revlon,PhotoReady Instant Plump Serum,$12.99,4.4,1489.0
Lip Makeup,Bubble,Going Places On-the-Go Essentials Kit,$36.00,4.7,47.0
Lip Makeup,e.l.f. Cosmetics,Pout Clout Lip Plumping Pen,$9.00,4.5,6007.0
Lip Makeup,Maybelline,Lifter Glaze Oil Balm,$8.99,4.5,492.0
Lip Makeup,Urban Decay Cosmetics,Vice Hydrating Lipstick,$14.70,4.1,226.0
Lip Makeup,Stila,Heaven's Dew Honey Glow Balm,$25.00,4.8,285.0
Lip Makeup,ULTA Beauty Collection,Dual Ended Lipstick & Liner,$14.00,4.1,37.0
Lip Makeup,DIBS Beauty,Jam Jam Lip Plumping Lipstick Melt,$26.00,4.3,395.0
Lip Makeup,Revlon,Super Lustrous Glass Shine Balm,$11.99,4.7,1790.0
Lip Makeup,BYOMA,Liptide Lip Mask with Peptides,$11.99,4.3,383.0
Lip Makeup,BYOMA,Liptide Lip Oil with Peptides,$11.99,4.2,374.0
Lip Makeup,Milani,Keep It Full Glossy Plumping Balm,$16.99,4.6,242.0
Lip Makeup,Milani,Keep It Full Nourishing Lip Plumper,$11.99,4.4,732.0
Lip Makeup,BOBBI BROWN,Crushed Oil-Infused Tinted Lip Gloss,$33.00,4.6,296.0
Lip Makeup,Dior,Addict Shine Lipstick,$48.00,4.6,1081.0
Lip Makeup,TATCHA,The Kissu Lip Tint SPF 25 Tinted Lip Sunscreen,$34.00,4.5,415.0
Lip Makeup,KYLIE COSMETICS,Tinted Butter Balm,$20.00,4.4,993.0
Lip Makeup,Revlon,PhotoReady Blur Lip Liner,$12.99,4.5,1515.0
Lip Makeup,KYLIE COSMETICS,Supple Kiss Lip Glaze Lip Gloss,$21.00,4.6,785.0
Lip Makeup,DIBS Beauty,No Pressure Lip Liner,$20.00,4.5,58.0
Lip Makeup,TONYMOLY,Squishmallows Key Chain High Shine Lip Gloss,$10.00,4.7,72.0
Lip Makeup,Essence,Juicy Bomb Shiny Lip Gloss,$1.49 - $2.99,3.7,145.0
Lip Makeup,Charlotte Tilbury,Hot Lips Lipstick,$37.00,4.3,14.0
Lip Makeup,Essence,What A Tint! Lip & Cheek Tint,$4.99,4.2,212.0
Lip Makeup,Juvia's Place,Pink Smoothie Lip Gloss,$15.00,3.5,10.0
Lip Makeup,SACHEU,Lip Glaze Elixir 3-in-1 Balm + Oil + Gloss,$12.00,4.5,424.0
Lip Makeup,NARS,Limited Edition Afterglow Lip Balm,$30.00,4.6,202.0
Lip Makeup,Juvia's Place,The Coffee Shop Lip Gloss,$15.00,4.5,174.0
Lip Makeup,Milani,Keep It Full Maxxx Balmshell Plumping Lip Balm,$11.99,4.2,292.0
Lip Makeup,MAC,Lipstick Shine,$23.00,4.4,399.0
Lip Makeup,BOBBI BROWN,Extra Lip Tinted Balm with Plumping + Peptide Technology,$39.00,4.5,181.0
Lip Makeup,fwee,3D Voluming Gloss 30%,$17.00,5.0,37.0
Lip Makeup,MILK MAKEUP,Balmade Hydrating Tinted Lip Balm with Electrolytes,$18.00,4.8,331.0
Lip Makeup,Tarte,Maracuja Juicy Lip Plump Liner,$23.00,,
Lip Makeup,Juvia's Place,Liquid Lipstick,$15.00,3.5,53.0
Lip Makeup,Essence,Hydra Kiss Lip Tint,$4.99,4.7,6.0
Lip Makeup,Charlotte Tilbury,Hyaluronic Happikiss Lipstick Balm,$37.00,3.8,38.0
Lip Makeup,BOBBI BROWN,Lip Liner Pencil,$35.00,4.7,164.0
Lip Makeup,Aquaphor,Lip Repair Stick,$5.99,4.7,2829.0
Lip Makeup,Juvia's Place,Beautiful Big Lip (BBL) Plumping Gloss,$18.00,3.1,38.0
Lip Makeup,NYX Professional Makeup,Simpsons Limited Edition Vault,$99.00,,
Lip Makeup,Estée Lauder,Double Wear 24H Stay-In-Place Lip Liner,$30.00,2.6,87.0
Lip Makeup,Milani,Color Statement Lip Liner,$6.49,4.7,395.0
Lip Makeup,DAISE,Lip Service Lip Balm Phone Pod,$6.99,4.8,14.0
Lip Makeup,NYX Professional Makeup,Butter Gloss Bling Non-Sticky Lip Gloss,$6.00,4.5,7433.0
Lip Makeup,Sun Bum,Sunscreen Lip Balm SPF 30,$3.99,3.5,1862.0
Lip Makeup,FARMACY,Lip Smoothie Vitamin C + Peptide Lip Balm,$22.00,4.8,811.0
Lip Makeup,ULTA Beauty Collection,Night Shift Overnight Lip Mask,$12.00,4.3,668.0
Lip Makeup,Essence,The Slim Stick Lipstick,$2.49 - $4.99,4.3,64.0
Lip Makeup,Clarins,Hydrating Water Lip Stain,$32.00,4.3,1022.0
Lip Makeup,The INKEY List,Tripeptide Plumping Lip Balm,$14.00,3.8,514.0
Lip Makeup,ULTA Beauty Collection,Juice Infused Tinted Lip Oil,$10.50,4.2,469.0
Lip Makeup,Estée Lauder,Pure Color Melt-On Glosstick,$38.00,4.6,43.0
Lip Makeup,Essence,Juicy Bomb Glossy Butter Balm,$1.99 - $3.99,4.1,112.0
Lip Makeup,Lanolips,12 Hour Overnight Lip Mask,$18.00,4.4,218.0
Lip Makeup,Dior,Rouge Dior Lipstick,$50.00,4.7,1237.0
Lip Makeup,CNP Laboratory,Propolis Lipcerin Lip Balm,$17.90,4.5,382.0
Lip Makeup,FENTY BEAUTY by Rihanna,Gloss Bomb Ice Cooling Lip Luminizer,$26.00,4.7,411.0
Lip Makeup,CoverGirl,Clean Fresh Yummy Lip Gloss,$11.99,4.3,1311.0
Lip Makeup,MAC,Mini MAC Clear Lipglass Lip Gloss,$15.00,4.3,44.0
Lip Makeup,COOLA,Organic Liplux Classic Sunscreen Lip Balm SPF 30,$15.00,4.4,683.0
Lip Makeup,ColourPop,So Juicy Plumping Glossy Lip Oil,$10.00,4.1,358.0
Lip Makeup,Too Faced,Travel Size Lip Injection Extreme Hydrating Lip Plumper,$18.00,3.5,3274.0
Lip Makeup,Juvia's Place,Volumizing Gloss Stick,$15.00,3.9,133.0
Lip Makeup,Pixi,CheekTone and Lip Tone pH Duo Set,$22.00,4.0,12.0
Lip Makeup,Poppy & Pout,Exfoliating Lip Scrub,$14.95,4.4,43.0
Lip Makeup,OSEA,Hyaluronic Acid Lip Oil Booster,$28.00,4.3,523.0
Lip Makeup,The Crème Shop,Miffy Moisturizing Lip Balm,$14.00,4.3,46.0
Lip Makeup,about-face,Blurred Matte Lip Plump,$18.00,4.5,36.0
Lip Makeup,Lancôme,L'Absolu Rouge Intimatte Buildable Soft Matte Lipstick,$35.00,4.7,1160.0
Lip Makeup,CNP Laboratory,Propolis Jelly Lipcerin Lip Gloss,$16.00,4.6,457.0
Lip Makeup,r.e.m. beauty,On Your Collar Plumping Lipgloss,$22.00,4.3,793.0
Lip Makeup,Tarte,Travel-Size Maracuja Vegan Juicy Lip Balm,$15.00,3.6,145.0
Lip Makeup,KYLIE COSMETICS,Gloss Drip Lip Gloss,$20.00,4.0,980.0
Lip Makeup,Maybelline,Lifter Gloss Candy Drop Lip Gloss with Hyaluronic Acid,$12.99,4.6,4045.0
Lip Makeup,Milani,Color Fetish Matte Lipstick,$11.99,4.6,867.0
Lip Makeup,e.l.f. Cosmetics,Lip Plumping Gloss,$8.00,4.3,1454.0
Lip Makeup,r.e.m. beauty,Eclipse Cheek & Lip Stick,$22.00 - $26.00,4.5,788.0
Lip Makeup,HALF MAGIC,Crystal Butter Lip Balm,$24.00,4.3,104.0
Lip Makeup,fwee,Smoothie Tinted Lip Balm,$16.00,4.3,4.0
Lip Makeup,r.e.m. beauty,Practically Permanent Lip Stain Marker,$17.00,3.3,381.0
Lip Makeup,fresh,Sugar Advanced Therapy Treatment Lip Balm,$28.00,4.6,1236.0
Lip Makeup,Lanolips,The Original 101 Ointment Multipurpose Superbalm,$16.95,4.6,1381.0
Lip Makeup,fwee,Lock'n Line Lip Contour Stain,$12.00,5.0,1.0
Lip Makeup,ColourPop,So Juicy Plumping Lip Liner with Peptides,$8.00,4.3,180.0
Lip Makeup,L'Oréal,Colour Riche Intense Volume Matte Lipstick,$13.99,4.6,655.0
Lip Makeup,TIRTIR,Mood Glider Lip and Blush Stick,$20.00,5.0,4.0
Lip Makeup,ColourPop,HydraPop Glossy Lip Stain,$9.00,3.9,141.0
Lip Makeup,Tarte,Maracuja Juicy Shift,$27.00,4.4,259.0
Lip Makeup,NYX Professional Makeup,Simpsons Collab Smushy Matte Lip Balm - Smarty Pink,$10.00,3.5,2.0
Lip Makeup,Clarins,Lip Perfector Peptide-Plumping Lip Gloss,$30.00,4.6,2367.0
Lip Makeup,Mario Badescu,Squeeze Tube Lip Balm,$8.00,4.7,615.0
Lip Makeup,ULTA Beauty Collection,Gloss Stick Lipstick,$11.00,4.4,141.0
Lip Makeup,Juvia's Place,Magic Lip Oils,$12.00,4.1,552.0
Lip Makeup,FENTY BEAUTY by Rihanna,Match Stix Color-Adaptive Cheek + Lipstick,$32.00,4.3,50.0
Lip Makeup,Lanolips,Strawberry 101 Ointment Multi-Balm - Dry Lips Treatment,$13.50,4.6,1378.0
Lip Makeup,e.l.f. Cosmetics,Hydrating Core Lip Shine,$8.00,4.2,1600.0
Lip Makeup,ColourPop,So Juicy Plumping Gloss Balm with Peptides,$10.00,4.4,176.0
Lip Makeup,about-face,Light Lock Lip Gloss,$16.00,4.4,62.0
Lip Makeup,Drunk Elephant,Lippe Balm Lip Moisturizer,$22.00,4.2,283.0
Lip Makeup,florence by mills,Stay Plush Serum Infused Lip Oil Tint,$16.00,4.7,33.0
Lip Makeup,Too Faced,Lip Injection Extreme Plumping Clicks ,$28.00,4.4,606.0
Lip Makeup,about-face,Cherry Pick Lip Color Butter,$17.00,4.1,112.0
Lip Makeup,Benefit Cosmetics,Splashtint Moisturizing Dewy Lip Tint,$26.00,4.5,385.0
Lip Makeup,Charlotte Tilbury,Lip Lustre Lip Gloss,$28.00,3.5,15.0
Lip Makeup,CoverGirl,Clean Fresh Squishy Glaze Lip Butter Balm,$11.99,4.6,737.0
Lip Makeup,CHANEL,LE CRAYON LÈVRES Longwear Lip Pencil,$35.00,3.4,21.0
Lip Makeup,FENTY BEAUTY by Rihanna,Space Trace Lip Set,$23.00,,
Lip Makeup,bareMinerals,Dewy Lip Gloss-Balm,$25.00,4.5,277.0
Lip Makeup,fwee,Lip&Cheek Glowy Jelly Pot,$18.00,4.6,87.0
Lip Makeup,Revlon,ColorStay Multi-Liner,$11.99,4.6,1697.0
Lip Makeup,Milani,Color Fetish Hydrating Lip Stain,$14.99,4.4,479.0
Lip Makeup,KYLIE COSMETICS,Plumping Gloss,$21.00,4.2,620.0
Lip Makeup,L'Oréal,Infallible Lacque Resistance Liquid Lipstick,$15.99,4.4,265.0
Lip Makeup,Benefit Cosmetics,Plushtint Moisturizing Matte Lip Tint,$26.00,4.7,397.0
Lip Makeup,e.l.f. Cosmetics,Sun Boss Gloss SPF 25,$8.00,4.5,310.0
Lip Makeup,KYLIE COSMETICS,Plumping Powder Matte Lip,$22.00,4.2,572.0
Lip Makeup,BOBBI BROWN,Pot Rouge Cream Blush for Lips & Cheeks,$36.00,4.6,764.0
Lip Makeup,Dior,Rouge Dior Contour Lip Liner,$35.00,4.6,390.0
Lip Makeup,Peter Thomas Roth,Instant FIRMx Lip Filler,$29.00,4.0,187.0
Lip Makeup,r.e.m. beauty,Essential Drip Lip Oil,$20.00,3.9,1024.0
Lip Makeup,Juvia's Place,I Line I Define Lip Liner,$13.00,3.7,3.0
Lip Makeup,CHANEL,ROUGE ALLURE VELVET Luminous Matte Lip Colour,$53.00,4.5,16.0
Lip Makeup,The Ordinary,The Lip & Lash Set,$17.00,3.8,13.0
Lip Makeup,ColourPop,Pinky Promise Lippie Pencil Trio,$16.00,3.5,4.0
Lip Makeup,Buxom,Power-full Plump Lip Balm,$20.00,4.0,1286.0
Lip Makeup,Mario Badescu,Lip Mask Hydrating Treatment,$14.00,4.5,136.0
Lip Makeup,Buxom,Full-On Plumping Glossy Lip Oil,$26.00,4.5,986.0
Lip Makeup,Dior,Rouge Dior On Stage,$48.00,4.8,433.0
Lip Makeup,Neutrogena,Vanilla Collagen Bank Lip Plumping Treatment,$17.99,4.7,672.0
Lip Makeup,NYX Professional Makeup,2-In-1 Dual Makeup Pencil Sharpener,$4.50,4.5,275.0
Lip Makeup,L.A. Girl,Ultimate Lip Intense Stay Auto Lipliner,$6.00,4.8,157.0
Lip Makeup,Juvia's Place,Glass Lip Gloss,$15.00,4.5,591.0
Lip Makeup,Juvia's Place,Nubian Earth Lipstick,$15.00,4.5,113.0
Lip Makeup,Dior,Rouge Dior Forever Liquid Lipstick,$48.00,4.6,3197.0
Lip Makeup,MAC,Lipglass Blow Plumping Lip Oil,$26.00,4.6,652.0
Lip Makeup,ULTA Beauty Collection,Plumped Up Pout Liquid Lipstick,$6.00,4.2,452.0
Lip Makeup,Aquaphor,Naturally Inspired Lip Repair Lip Balm Stick with Shea Butter,$6.99,4.7,2829.0
Lip Makeup,Revlon,Super Lustrous The Gloss,$11.99,4.3,3397.0
Lip Makeup,Juvia's Place,The Reds Cherry Velvety Matte Lipstick,$15.00,4.6,623.0
Lip Makeup,VT Cosmetics,Reedle Shot Lip Plumper Beginner,$14.00,3.9,7.0
Lip Makeup,Milani,Stay Put Liquid Lip Longwear Lipstick,$6.24 - $13.49,4.3,273.0
Lip Makeup,Revlon,Glimmer Lip Treat Balm + Mask,$11.99,4.5,1125.0
Lip Makeup,NYX Professional Makeup,Fat Oil Lip Drip Lip Oil Duo,$15.00,3.3,7.0
Lip Makeup,Revolution Beauty,Pout Lip Oil,$8.00,4.4,109.0
Lip Makeup,BOBBI BROWN,Luxe Cashmere Matte Lipstick,$45.00,4.7,176.0
Lip Makeup,IT Cosmetics,Confidence in a Serum Lip Gloss,$26.00,4.7,289.0
Lip Makeup,The Crème Shop,Sanrio Gloss Jelly Lip Glaze,$13.00,4.5,156.0
Lip Makeup,Naturium,Phyto-Glow Shimmer Lip Balm,$11.99,4.5,30.0
Lip Makeup,Too Faced,Cloud Crush Whipped Lip & Cheek Color,$28.00,4.5,832.0
Lip Makeup,HALF MAGIC,Sculptitude 2-in-1 Lip Liner,$20.00,4.7,133.0
Lip Makeup,L.A. Girl,Shine On Glossy Balm,$7.50,4.9,184.0
Lip Makeup,Naturium,Phyto-Glow Lip Mask,$12.99,4.6,110.0
Lip Makeup,Maybelline,Lifter Plump Lip Plumping Gloss,$6.99,4.1,935.0
Lip Makeup,HOURGLASS,Unlocked Soft Matte Lipstick,$38.00,4.9,37.0
Lip Makeup,Revlon,ColorStay Limitless Matte Liquid Lipstick,$14.99,4.4,1327.0
Lip Makeup,Charlotte Tilbury,Airbrush Flawless Matte Lip Blur Liquid Lipstick,$37.00,4.4,827.0
Lip Makeup,Tarte,Maracuja Juicy Melt Mask,$27.00,4.0,27.0
Lip Makeup,The Crème Shop,Kiss & Blush Lip & Cheek Balm,$14.00,4.6,285.0
Lip Makeup,Revolution Beauty,Original Pout Bomb Plumping Gloss,$8.00,3.9,213.0
Lip Makeup,Drunk Elephant,Plump-C Tripeptide Lippe Mask,$28.00,4.7,229.0
Lip Makeup,Laura Mercier,Petal Soft Lipstick Crayon,$36.00,4.4,666.0
Lip Makeup,Buxom,Full-On Satin Lipstick,$26.00,4.4,568.0
Lip Makeup,Essence,Birthday Bomb Shiny Lipgloss,$2.99,4.8,21.0
Lip Makeup,ULTA Beauty Collection,Cloud Kiss Matte Lip Cream,$6.00,3.0,37.0
Lip Makeup,Revolution Beauty,Lip Shift Ink Peel Off Lipliner Stain,$11.00,3.3,35.0
Lip Makeup,Revlon,ColorStay Overtime Lipcolor,$13.99,4.2,1533.0
Lip Makeup,Juvia's Place,The Candy Shop Lip Gloss,$15.00,4.4,70.0
Lip Makeup,Charlotte Tilbury,Life Changing Lip Mask with Cushioning Ceramides,$30.00,4.8,463.0
Lip Makeup,KYLIE COSMETICS,Lip & Cheek Blush Tint,$26.00,4.4,504.0
Lip Makeup,Stila,Convertible Color Nourishing Liqua-Tint Blush,$26.00,4.6,270.0
Lip Makeup,Lancôme,Juicy Tubes Lip Gloss & Lash Idôle Flutter Extension Mascara Duo,$29.00,,
Lip Makeup,Revlon,Super Lustrous Glimmer Gloss,$11.99,4.4,1280.0
Lip Makeup,Lanolips,Raspberry Shortcake 101 Ointment Multi-Balm,$13.50,4.6,70.0
Lip Makeup,CHANEL,ROUGE COCO BAUME SHINE Hydrating Beautifying Tinted Lip Balm - Buildable Color,$50.00,4.4,5.0
Lip Makeup,NUDESTIX,Sweet Cheeks 3 Piece Mini Kit,$37.00,5.0,4.0
Lip Makeup,CoverGirl,Outlast All-Day Lip Color With Topcoat,$11.99,4.3,1042.0
Lip Makeup,fresh,Sugar Melt Lip Cream,$25.00,4.9,145.0
Lip Makeup,iota,Táche Pistachio Milk Latte Lip Treatment,$28.00,4.8,221.0
Lip Makeup,HOURGLASS,Unlocked Satin Crème Lipstick,$38.00,4.7,80.0
Lip Makeup,OLEHENRIKSEN,Pout Preserve Sugar Melt Lip Scrub,$22.00,3.8,16.0
Lip Makeup,Unleashia,Sunset Dazzle Gloss Balm,$16.00,4.5,15.0
Lip Makeup,Aquaphor,Lip Repair Lip Balm with SPF 30,$5.99,2.7,14.0
Lip Makeup,CoverGirl,Clean Fresh Yummy Blur Lipstick,$11.99,4.4,817.0
Lip Makeup,Party of You,Security Blanket Plush Hug Lip Balm,$14.99,4.5,136.0
Lip Makeup,HOURGLASS,Shape and Sculpt Lip Liner,$29.00,4.7,60.0
Lip Makeup,KYLIE COSMETICS,Matte Liquid Lipstick,$22.00,3.6,2859.0
Lip Makeup,TONYMOLY,Strawberry Fruit Lip Balm,$10.00,5.0,2.0
Lip Makeup,BLOSSOM,High Shine Roll-On Lip Gloss,$9.00,4.0,32.0
Lip Makeup,La Roche-Posay,Nutritic Lip Balm for Very Dry Lips,$16.99,4.2,123.0
Lip Makeup,Essence,Soft & Precise Lip Pencil,$1.49,4.1,198.0
Lip Makeup,MAC,Retro Matte Liquid Lipstick,$26.00,4.1,795.0
Lip Makeup,Revlon,Super Lustrous Glimmer Lip Oil,$11.99,4.5,2190.0
Lip Makeup,Estée Lauder,Glossy Pout Tinted Lip Oil,$29.00,4.7,471.0
Lip Makeup,FENTY BEAUTY by Rihanna,Limited Edition Gloss Bomb Universal Lip Luminizer,$23.00,4.7,9.0
Lip Makeup,about-face,Matte Fix Lip Pencil,$14.00,4.3,53.0
Lip Makeup,L.A. Girl,Long-Lasting Shockwave Lip Liner,$5.00 - $6.00,4.5,1071.0
Lip Makeup,Avène,Cicalfate+ LIPS Restorative Lip Balm,$20.00,,
Lip Makeup,Estée Lauder,Pure Color Matte Lipstick,$42.00,4.2,65.0
Lip Makeup,Stila,Heaven's Dew Gel Lip Oil,$24.00,4.5,607.0
Lip Makeup,L.A. Girl,Tinted Hydrating Lip Plumper,$6.00,4.2,403.0
Lip Makeup,ULTA Beauty Collection,Twist Tint Color Shifting Lip & Cheek Stick,$4.00,4.2,507.0
Lip Makeup,Juvia's Place,The Wines Velvety Matte Lipstick,$15.00,4.6,623.0
Lip Makeup,Benefit Cosmetics,Dew The Benetint Duo,$46.00,,
Lip Makeup,Lanolips,Glazed Donut 101 Ointment Multi-Balm,$13.50,4.5,131.0
Lip Makeup,r.e.m. beauty,At The Borderline Lip Liner Pencil,$20.00,4.1,125.0
Lip Makeup,Laura Mercier,High Vibe Lip Color,$38.00,4.5,884.0
Lip Makeup,NYX Professional Makeup,Simpsons Collab Smushy Matte Lip Balm - Peekaboo Blue,$10.00,,
Lip Makeup,NYX Professional Makeup,Duck Plump Plumping Lip Gloss Toppers,$13.00,3.4,23.0
Lip Makeup,PAT McGRATH LABS,SatinAllure Lipstick,$30.00,4.0,40.0
Lip Makeup,NYX Professional Makeup,Simpsons Collab Smushy Matte Lip Balm - Rebel Red,$10.00,,
Lip Makeup,TONYMOLY,Jelly Lip Melt Treatment,$12.00 - $13.99,4.6,369.0
Lip Makeup,TULA,‘Glaze Plumping Lip Treatment,$18.00,4.5,105.0
Lip Makeup,Clinique,Repairwear Intensive Lip Treatment,$27.00,4.5,137.0
Lip Makeup,Maybelline,Lifter Gloss Honey'd Lip Gloss with Hyaluronic Acid,$12.99,4.8,422.0
Lip Makeup,RMS Beauty,Legendary Lip Oil,$26.00,4.8,744.0
Lip Makeup,BOBBI BROWN,Pot Rouge Velvet Matte Cream Blush for Cheeks & Lips,$36.00,4.7,115.0
Lip Makeup,HALF MAGIC,Magic Drip Glitter Lip Gloss Mini,$12.00,4.3,101.0
Lip Makeup,CHANEL,ROUGE COCO BAUME SATIN Hydrating Beautifying Tinted Lip Balm - Buildable Color,$50.00,4.1,32.0
Lip Makeup,Buxom,Power-Full Plumping Peptide Lip Treatment,$24.00,4.5,286.0
Lip Makeup,Personal Day,Emotional Support Lip Balm,$24.00,4.5,65.0
Lip Makeup,ColourPop,Fresh Kiss Lip Mask,$10.00,4.0,68.0
Lip Makeup,Juvia's Place,The Berries Velvety Matte Lipstick,$7.00 - $15.00,4.6,623.0
Lip Makeup,florence by mills,Butter Crème Super Balm,$15.00,4.3,24.0
Lip Makeup,The Crème Shop,Miffy Tinted Lip Oil,$14.00,4.5,76.0
Lip Makeup,PAT McGRATH LABS,Lust: Gloss,$29.00,4.2,19.0
Lip Makeup,ColourPop,Ultra Glossy Lip,$9.00,4.8,874.0
Lip Makeup,Lancôme,Lancôme's Irresistible Lip Idôle Mini Lip Duo,$25.00,,
Lip Makeup,StriVectin,Double Fix for Lips Plumping & Vertical Line Treatment,$39.00,3.9,610.0
Lip Makeup,Winky Lux,Watermelon Jelly pH Lip Balm,$18.00,4.2,682.0
Lip Makeup,Too Faced,Kissing Jelly Hydrating Lip Treatment Mask,$24.00,3.7,6.0
Lip Makeup,Winky Lux,Flower Balm pH Lip Balm,$18.00,4.6,2033.0
Lip Makeup,TONYMOLY,Magic Food Dalcom Banana Lip Balm Keychain,$10.00,3.8,142.0
Lip Makeup,Made By Mitchell,Bare Lip Oil,$13.00,3.2,6.0
Lip Makeup,TULA,24-7 Moisture Day & Night Peptide Lip Mask,$18.00,4.2,95.0
Lip Makeup,ULTA Beauty Collection,Dual Sided Lip Scrubber,$8.50,4.7,153.0
Lip Makeup,Juvia's Place,Magic PH Color Change Lip Gloss,$15.00,4.6,18.0
Lip Makeup,Eos,Cashmere Lip Butter,$8.49,4.9,309.0
Lip Makeup,CoverGirl,Clean Fresh Yummy Gloss Plumper,$12.99,4.4,698.0
Lip Makeup,NATASHA DENONA,HY-GLOSS HY-BRID Tinted Lip Balm,$28.00,4.5,388.0
Lip Makeup,ColourPop,Lippie Stix,$8.00,4.4,655.0
Lip Makeup,Essence,Duo Sharpener,$1.99,4.0,220.0
Lip Makeup,MAC,M·A·Cximal Sleek Satin Lipstick Colorless,$25.00,4.7,19.0
Lip Makeup,Juvia's Place,Nubian Earth Lip Gloss,$15.00,4.6,119.0
Lip Makeup,Revolution Beauty,Pout Lip Gloss Stick,$10.00,4.6,144.0
Lip Makeup,Juvia's Place,The Reds And Berries Lip Reflect Gloss,$15.00,4.5,177.0
Lip Makeup,CHANEL,ROUGE ALLURE LIQUID VELVET Ultrawear Intense Matte Liquid Lip Colour,$50.00 - $53.00,3.6,5.0
Lip Makeup,Made By Mitchell,Lip Kit,$32.50,3.0,2.0
Lip Makeup,ULTA Beauty Collection,Cherry Crush Lip Treatment Kit,$10.00,3.1,37.0
Lip Makeup,Black Girl Sunscreen,Make It Pop Lip Sun Gloss SPF50,$11.99,3.9,104.0
Lip Makeup,MILK MAKEUP,Odyssey Hydrating Lip Oil Gloss,$26.00,4.9,629.0
Lip Makeup,Essence,What A Tint! Staining Lip & Cheek Tint,$5.99,4.3,3.0
Lip Makeup,Versed,Soft Gloss Tinted Lip Serum,$12.99,4.7,104.0
Lip Makeup,ETUDE,Dear Darling Water Lip Tint,$6.90,3.6,9.0
Lip Makeup,RMS Beauty,Lip2Cheek,$42.00,4.8,2596.0
Lip Makeup,Exuviance,3-in-1 Hydrating Targeted Lip Filler,$31.12,4.1,225.0
Lip Makeup,PAT McGRATH LABS,Legendary Longwear Lip Liner,$29.00,4.0,4.0
Lip Makeup,RMS Beauty,Go Nude Lip Pencil,$26.00,4.8,957.0
Lip Makeup,Tarte,Maracuja Juicy Lip Gloss,$27.00,,
Lip Makeup,ETUDE,Dear Darling Marker Lip Tint,$11.40,4.8,4.0
Lip Makeup,Jack Black,Intense Therapy Lip Balm SPF 25,$10.00,4.7,1096.0
Lip Makeup,e.l.f. Cosmetics,Lip Lacquer,$4.00,4.3,3466.0
Lip Makeup,Neutrogena,Light Pink Hydro Boost Tinted Plumping Lip Oil,$13.99,4.6,40762.0
Lip Makeup,Neutrogena,Hydro Boost Hydrating Clear Lip Sleeping Mask,$11.99,4.6,40762.0
Lip Makeup,Neutrogena,Hydro Boost Hyaluronic Acid Lip Balm,$12.99,4.4,699.0
Lip Makeup,ILIA,Lip Wrap Reviving Balm,$26.00,4.6,629.0
Lip Makeup,KYLIE COSMETICS,Lip Oil,$25.00,4.5,2508.0
Lip Makeup,TONYMOLY,Mini Peach Moisturizing Lip Balm Treatment,$10.00,4.2,110.0
Lip Makeup,Revolution Beauty,Jelly Blush Stick Lip & Cheek Stain,$9.00,4.2,106.0
Lip Makeup,florence by mills,Tinted Glow Yeah Hydrating Lip Oil,$16.00,4.5,447.0
Lip Makeup,Made By Mitchell,Lip Frost,$13.00,4.3,11.0
Lip Makeup,PAT McGRATH LABS,Dramatique Mega Lip Pencil,$29.00,4.0,15.0
Lip Makeup,OLEHENRIKSEN,Smooth + Sweet Pout Preserve Peptide Lip Duo,$30.00,,
Lip Makeup,Stila,Stay All Day Liquid Lipstick,$24.00 - $25.00,4.3,5402.0
Lip Makeup,good light,Lip Milk,$9.00 - $18.00,4.0,134.0
Lip Makeup,L'Oréal,Colour Riche Lip Liner,$9.49,4.6,98.0
Lip Makeup,Naked Sundays,PoutScreen Lip Treatment SPF 50,$22.00,4.3,199.0
Lip Makeup,Live Tinted,SOFTGLOSS Juicy Lip Gloss,$20.00,4.8,20.0
Lip Makeup,Milani,Highly Rated Diamond Lip Gloss,$11.99,4.6,235.0
Lip Makeup,bareMinerals,Nourishing Lip Oil,$23.00,4.6,274.0
Lip Makeup,NARS,Pencil Sharpener,$7.00,4.7,161.0
Lip Makeup,Dior,Addict Lip Tint,$42.00,4.1,294.0
Lip Makeup,PAT McGRATH LABS,MatteTrance Lipstick,$39.00,3.9,32.0
Lip Makeup,Revolution Beauty,Juicy Peptide Lip Balm,$9.00,4.6,80.0
Lip Makeup,Juvia's Place,Lip Reflect Gloss,$15.00,4.5,591.0
Lip Makeup,CoverGirl,Clean Fresh Jelly Water Lip & Cheek Tint,$10.99,4.4,293.0
Lip Makeup,FARMACY,Honey Butter Beeswax Lip Balm,$15.00,4.7,82.0
Lip Makeup,MILK MAKEUP,KUSH Hydrating Sheer Lip Oil,$26.00,4.8,243.0
Lip Makeup,MAC,Locked Kiss 24HR Lipstick,$34.00,4.4,663.0
Lip Makeup,BOBBI BROWN,Extra Blushing pH Tinted Lip Oil,$39.00,4.8,88.0
Lip Makeup,Lanolips,Sun Balm SPF 30 Untinted,$7.00,4.4,46.0
Lip Makeup,KVD Beauty,Everlasting Hyperlight Vegan Transfer-Proof Liquid Lipstick,$23.00,4.4,6745.0
Lip Makeup,Live Tinted,HUELIP Liquid Lip Créme,$22.00,4.6,67.0
Lip Makeup,ILIA,Lip Wrap Overnight Mask,$26.00,4.6,679.0
Lip Makeup,Polite Society,Love It Lip Balm Nourishing Lip Treatment,$24.00,5.0,7.0
Lip Makeup,jane iredale,Just Kissed Lip and Cheek Stain,$33.00,4.6,1480.0
Lip Makeup,Hempz,Dark Red Cherries Tinted Lip Balm,$4.99,,
Lip Makeup,POUND CAKE,Cake Theory Lip Tone Equalizing Oil,$22.00,4.9,108.0
Lip Makeup,BeautyStat Cosmetics,C Lip Serum SPF 30,$7.50,4.9,64.0
Lip Makeup,rom&nd,The Juicy Lasting Tint,$15.00,4.7,255.0
Lip Makeup,Live Tinted,Huegloss Hydrating High-Shine Lip Gloss,$20.00,4.8,143.0
Lip Makeup,RMS Beauty,Legendary Serum Lipstick,$36.00,4.4,1261.0
Lip Makeup,fresh,Sugar Treat Lip Oil,$24.00,4.8,525.0
Lip Makeup,Revolution Beauty,Pout Bomb Plumping Gloss,$8.00,4.2,75.0
Lip Makeup,Winky Lux,Very There Lip Oil,$19.00,4.7,150.0
Lip Makeup,fresh,Sugar Recovery Lip Mask Advanced Therapy,$29.00,4.8,1063.0
Lip Makeup,L.A. Girl,Hydrating Sheer Tint Lip Balm,$6.00,4.3,44.0
Lip Makeup,HALF MAGIC,Mouth Cloud Soft Matte Lip Cream,$22.00,4.4,66.0
Lip Makeup,Naturium,Phyto-Glow Lip Balm SPF 45,$12.49,4.2,27.0
Lip Makeup,Versed,Cashmere Color Smoothing Lip Blush,$11.99,3.9,63.0
Lip Makeup,Milani,Supercharged Cheek + Lip Multistick,$9.99,3.5,361.0
Lip Makeup,Buxom,Mini Plump Shot Plumping and Smoothing Lip Serum Gloss with Peptides and Hyaluronic Acid,$17.00,4.4,3724.0
Lip Makeup,BLOSSOM,Juicy Jelly Nourishing Lip Oil,$9.00,4.7,30.0
Lip Makeup,Juvia's Place,Peptide Power Glass Balm,$16.00,4.3,3.0
Lip Makeup,Truly,Soft Serve Luxury Lip Oil,$18.00,2.4,5.0
Lip Makeup,StriVectin,Hyaluronic Omega Moisture Lip Mask,$28.00,4.7,320.0
Lip Makeup,L.A. Girl,Stay & Play Long Wear Matte Lip Crayon,$8.00,4.9,93.0
Lip Makeup,Charlotte Tilbury,Superstar Lips Lipstick,$37.00,4.1,15.0
Lip Makeup,Juvia's Place,The Reds Satin Creamy Lipstick,$15.00,4.0,2.0
Lip Makeup,e.l.f. Cosmetics,Jelly Pop Glow Reviver Lip Oil,$8.00,4.4,626.0
Lip Makeup,L.A. Girl,Lumilicious Luminous Lip Gloss,$7.00,4.8,652.0
Lip Makeup,Lanolips,Hyaluronic Lip Oil,$4.25 - $8.50,2.2,22.0
Lip Makeup,fresh,Sugar Mint Rush Freshening Lip Treatment,$26.00,4.6,1303.0
Lip Makeup,Buxom,Power Line Pout Sculpt Lip Pencil,$24.00,4.7,187.0
Lip Makeup,Juvia's Place,Dual Pencil Sharpener,$6.00,,
Lip Makeup,Buxom,Mini Full-On Plumping Lip Polish,$14.00,4.7,4435.0
Lip Makeup,CoverGirl,Clean Fresh Tinted Lip Balm,$7.99,4.4,554.0
Lip Makeup,florence by mills,True To Hue pH Adjusting Lip & Cheek Balm,$18.00,4.8,370.0
Lip Makeup,RMS Beauty,Legendary Serum Lipstick: The Nudes,$35.00,4.8,728.0
Lip Makeup,Anastasia Beverly Hills,Non-Sticky Clear Crystal Lip Gloss,$23.00,4.5,331.0
Lip Makeup,NATASHA DENONA,I Need a Nude Lip Crayon,$25.00,4.7,379.0
Lip Makeup,California Naturals,Hydrating Lip Balm - Toasted Coconut,$9.99,4.7,47.0
Lip Makeup,Anastasia Beverly Hills,Hydrating and Smoothing Lip Primer,$16.00,4.0,158.0
Lip Makeup,TATCHA,The Kissu Lip Scrub Moisturizing Lip Exfoliant,$28.00,4.7,118.0
Lip Makeup,Winky Lux,Barely There Tinted Lip Oil,$19.00,4.8,123.0
Lip Makeup,florence by mills,Oh Whale! Tinted Lip Balm,$14.00,4.7,1990.0
Lip Makeup,Milani,Color Statement Lipstick,$7.49,4.6,1106.0
Lip Makeup,L.A. Girl,Hydrating-Plump & Sheer Lip Oil,$6.00,4.4,128.0
Lip Makeup,Essence,What The Fake! Oh My Nude! Plumping Lip Filler,$2.49,3.8,165.0
Lip Makeup,Urban Decay Cosmetics,Ultimate Ozone Multi Purpose Primer Pencil,$23.00,4.3,657.0
Lip Makeup,Essence,What The Fake! Plumping Lip Filler,$2.49,3.8,165.0
Lip Makeup,CoverGirl,Clean Fresh Jammy Lip Sleeping Mask,$11.99,4.2,458.0
Lip Makeup,Stila,Buff & Blur Lip Enzyme Exfoliator,$28.00,4.2,89.0
Lip Makeup,Winky Lux,Lavender Confetti Balm,$18.00,4.7,595.0
Lip Makeup,Hempz,Juicy Peach Slices Tinted Lip Balm,$4.99,,
Lip Makeup,Clarins,Canyon Kiss Collection Lip Comfort Oil,$32.00,4.0,4.0
Lip Makeup,Truly,Cherry Baby Luxury Lip Oil,$18.00,5.0,2.0
Lip Makeup,Tarte,Maracuja Juicy Lip Crème,$27.00,4.5,128.0
Lip Makeup,good light,Lip Nectar,$9.50 - $19.00,4.4,21.0
Lip Makeup,Truly,Vanilla Baby Luxury Lip Oil,$18.00,3.0,5.0
Lip Makeup,Revolution Beauty,IRL Filter Finish Lip Definer,$10.00 - $11.00,3.4,25.0
Lip Makeup,Winky Lux,Glimmer Balm,$18.00,4.7,712.0
Lip Makeup,Essence,What The Fake! Extreme Plumping Lip Filler,$2.49,4.2,230.0
Lip Makeup,Kaja,Juicy Glass Instant Hydrating & Plumping Lip Oil,$18.00,4.8,412.0
Lip Makeup,Essence,What The Fake! Ice Ice Baby! Extreme Plumping Lip Filler,$2.49,4.2,230.0
Lip Makeup,Essence,Chili Bomb Shiny Lipgloss,$2.99,3.0,2.0
Lip Makeup,Perricone MD,Cold Plasma Plus+ Lip Therapy,$24.00,4.6,507.0
Lip Makeup,TONYMOLY,Squishmallows Archie Hyaluronic Acid Lip Treatment Stick,$13.00,4.3,3.0
Lip Makeup,Essence,Glossy Glaze High Shine Lipstick,$1.99,4.6,16.0
Lip Makeup,Essence,Choco Bomb Shiny Lipgloss,$2.99,3.0,3.0
Lip Makeup,L.A. Girl,On Cloud Nine Glazed Lippie Lip Serum,$6.00,4.9,155.0
Lip Makeup,PAT McGRATH LABS,Lip Sculpt + Shade Contour Duo,$32.00,,
Lip Makeup,Vacation,"Lip Desserts, Sunscreen Lip Balm SPF 30",$5.00,4.0,182.0
Lip Makeup,Truly,Glazed Donut Luxury Lip Oil,$18.00,,
Lip Makeup,Juvia's Place,The Reds and Berries Glass Gloss,$15.00,4.5,177.0
Lip Makeup,KYLIE COSMETICS,Transformative Lip Tint,$26.00,4.1,438.0
Lip Makeup,Rabanne,Dramalips Glassy Lipstick,$32.00,4.4,234.0
Lip Makeup,Tarte,Maracuja Juicy Lip Plump Peptide Liner with Charm,$23.00,5.0,6.0
Lip Makeup,Winky Lux,Matcha Lip Balm,$18.00,4.7,455.0
Lip Makeup,Anastasia Beverly Hills,3-in-1 Makeup Pencil Sharpener,$6.00,4.5,223.0
Lip Makeup,CHANEL,ROUGE COCO BAUME Hydrating Conditioning Lip Balm,$50.00,3.9,18.0
Lip Makeup,Buxom,Power-full Plumping Peptide Lip Tint,$24.00,4.6,169.0
Lip Makeup,medicube,PDRN Lip Sleeping Mask,$18.90,3.2,5.0
Lip Makeup,e.l.f. Cosmetics,Glossy Lip Stain Shades 4 Days Kit,$24.00,4.6,46.0
Lip Makeup,Supergoop!,PLAY Lip Shield SPF 30 Sunscreen Lip Balm,$10.00,3.6,56.0
Lip Makeup,California Naturals,Hydrating Lip Balm - Summer Fig,$9.99,4.5,38.0
Lip Makeup,Lancôme,Lancôme Vault Idôle Now Summer Set 2025,$199.00,,
Lip Makeup,Pixi,LipBlush Lip Stain Pen,$14.00,3.0,7.0
Lip Makeup,florence by mills,Glow Yeah Hydrating Lip Oil,$16.00,4.6,2291.0
Lip Makeup,NYX Professional Makeup,Butter Gloss & Brow Glue Duo Kit,$13.00,5.0,3.0
Lip Makeup,Winky Lux,Pink Opal pH Lip Balm,$18.00,4.7,160.0
Lip Makeup,Milani,Color Fetish Balm Lipstick,$10.99,4.3,218.0
Lip Makeup,Essence,Juicy Melon Tinted Lip & Cheek Balm,$1.99,4.3,21.0
Lip Makeup,NUDESTIX,Intense Matte Lip + Cheek Pencil,$29.00,4.6,326.0
Lip Makeup,Made By Mitchell,Beam Lip Gloss,$13.00,4.8,5.0
Lip Makeup,Pixi,+HYDRA LipTreat Tinted Lip Balm,$10.00,3.4,33.0
Lip Makeup,CoverGirl,Clean Lip Color Lipstick,$4.49,4.4,741.0
Lip Makeup,TATCHA,The Kissu Lip Treatment Volume-Restoring Lip Serum,$40.00,4.4,138.0
Lip Makeup,florence by mills,Pout Party Coffee Lip Scrub,$17.00,4.5,64.0
Lip Makeup,HALF MAGIC,EUPHORIA X HALF MAGIC B*tch Ur My Soulmate Extra Plush Lip Gloss,$24.00,,
Lip Makeup,DIME,Desert Rose Tinted Lip Balm,$22.00,4.7,761.0
Lip Makeup,SOME BY MI,V10 Hyal Lip Sun Protector,$13.00,4.5,2.0
Lip Makeup,Dior,Dior Addict Lip Glow Oil - Limited Edition,$42.00,3.6,21.0
Lip Makeup,HALF MAGIC,Lip Snuggle High Pigment Oil Balm,$21.00,4.1,47.0
Lip Makeup,Pixi,LipTone pH Reactive Gloss,$8.00,4.0,5.0
Lip Makeup,ColourPop,Double The Juiciness So Juicy Plumping Lip Duo,$14.00,2.8,5.0
Lip Makeup,Winky Lux,Aurora Balm,$18.00,4.4,183.0
Lip Makeup,fresh,Sugar Advanced Therapy Lip Rescue Ointment,$28.00,3.5,49.0
Lip Makeup,good light,Glazed Orbit Lip Oil,$19.50,3.7,3.0
Lip Makeup,Buxom,Power-full Lip Scrub,$20.00,4.4,683.0
Lip Makeup,Buxom,Mini Full-On Plumping Lip Cream,$14.00,4.6,2232.0
Lip Makeup,BLOSSOM,Hydrating Prismatic Lip Water,$4.50,,
Lip Makeup,Buxom,Full-On Plumping Lip Glow Balm,$25.00,4.1,357.0
Lip Makeup,Flower Knows,The Sweetie Bear Collection Coating Lip Jelly,$20.00,5.0,1.0
Lip Makeup,Rabanne,Famous Lipcolor Matte Lipstick,$32.00,4.5,105.0
Lip Makeup,CHANEL,HYDRA BEAUTY Nourishing Lip Care,$52.00,4.0,10.0
Lip Makeup,Persona,Cloudtint Lip Gloss Stain,$24.00,,
Lip Makeup,BLK/OPL,COLORSPLURGE Liquid Matte Lipstick,$12.75,3.9,19.0
Lip Makeup,bareMinerals,Rosy Glow Duo,$35.00,,
Lip Makeup,florence by mills,Hit Snooze Lip Mask,$17.00,4.7,718.0
Lip Makeup,Kaja,Juicy Glass Instant Hydrating & Plumping Lip Gloss,$18.00,5.0,1.0
Lip Makeup,Hempz,Sweet Pineapple & Honey Melon Lip Balm SPF 15,$4.99,1.7,7.0
Lip Makeup,MAC,Retro Matte Metallic Liquid Lipstick,$26.00,4.3,126.0
Lip Makeup,Buxom,Power-Full Plump + Repair Lip Butter,$22.00,4.2,275.0
Lip Makeup,Tarte,Maracuja Juicy Lip & Cheek Multi-Stick,$30.00,5.0,11.0
Lip Makeup,Kaja,Juicy Glass Instant Hydrating & Plumping Lip Balm,$18.00,4.8,492.0
Lip Makeup,Essence,The Super Balm Glossy Lip Treatment,$2.49,4.2,30.0
Lip Makeup,Winky Lux,Fruity pH Lip Gloss,$19.00,4.8,148.0
Lip Makeup,Milani,Understatement Lip Liner,$4.99 - $9.99,4.7,260.0
Lip Makeup,Live Tinted,Unity Balm Ultra-Hydrating Lip Balm,$20.00,4.8,57.0
Lip Makeup,Winky Lux,Amethyst pH Lip Balm,$18.00,3.9,25.0
Lip Makeup,Smashbox,Always On Longwear Matte Liquid Lipstick,$27.00,4.2,1458.0
Lip Makeup,KVD Beauty,Everlasting Lip Liner,$22.50,4.8,1410.0
Lip Makeup,Smashbox,Halo Plump + Glow Hyaluronic Acid Lip Gloss,$26.00,4.6,375.0
Lip Makeup,Winky Lux,Sugared Watermelon Lip Scrub,$17.00,4.5,47.0
Lip Makeup,Smashbox,Be Legendary Prime & Plush Lipstick,$28.00,4.5,607.0
Lip Makeup,POUND CAKE,Red Batter Cake Batter Liquid Lipstick,$24.00,4.7,231.0
Lip Makeup,Essence,Pout Protector SPF 20 Lip Balm,$2.49,3.3,6.0
Lip Makeup,Smashbox,Be Legendary Line & Prime Pencil,$24.00,4.5,315.0
Lip Makeup,L'Oréal,Glow Paradise Lip Balm-in-Gloss,$12.99,4.6,686.0
Lip Makeup,Dionis,Goat Milk Lip Balm Gift Set,$30.00,4.6,31.0
Lip Makeup,Oak Essentials,Conditioning Lip Balm,$28.00,4.5,474.0
Lip Makeup,Beekman 1802,Oh! Mega Milk Lip Oil,$22.00,4.4,89.0
Lip Makeup,Essence,What The Fake! Pepper Me Up! Extreme Plumping Lip Filler,$2.49,4.2,230.0
Lip Makeup,L.A. Girl,Lip Haze Blurring Soft Matte Lip Color,$8.00,4.8,11.0
Lip Makeup,Bloomeffects,Tulipscreen Hydrating Lip Oil SPF 40+,$25.00,4.7,25.0
Lip Makeup,CoverGirl,Clean Fresh Tinted Lip Balm SPF 15 ,$7.99,4.1,483.0
Lip Makeup,Versed,Cloud Polish Exfoliating Lip Scrub,$14.99,4.8,96.0
Lip Makeup,r.e.m. beauty,Utmost Importance Plumping Lip Gloss,$17.00,4.1,92.0
Lip Makeup,RMS Beauty,Tinted Daily Lip Balm,$28.00,4.7,1170.0
Lip Makeup,LAURA GELLER,Jelly Balm Hydrating Lip Color,$24.00,4.4,706.0
Lip Makeup,NUDESTIX,Nudeskin Hydrating Peptide Lip Butter,$22.00,4.6,627.0
Lip Makeup,bareMinerals,MINERALIST Lasting Lip Liner,$23.00,4.7,358.0
Lip Makeup,HATCH MAMA,Nipple + Lip Rescue Balm,$28.00,,
Lip Makeup,MAC,Mini Lipglass Air Non-Sticky Lipgloss,$16.00,4.9,95.0
Lip Makeup,NATASHA DENONA,My Dream Lip Crayon - Long Lasting Easy Glide Lip Liner,$25.00,4.4,26.0
Lip Makeup,NATASHA DENONA,My Dream Lipstick - Creamy Lip Color,$27.00,4.8,52.0
Lip Makeup,KIKO Milano,3D Hydra Lip Oil,$15.00,4.6,20.0
Lip Makeup,Winky Lux,In the Stars Lip Oil,$19.00,4.8,469.0
Lip Makeup,RMS Beauty,Lipnights Overnight Lip Mask,$30.00,4.7,375.0
Lip Makeup,e.l.f. Cosmetics,Sheer Slick Lipstick,$6.00,4.6,952.0
Lip Makeup,Well People,Lush Lip Tinted Oil,$12.00,4.8,2969.0
Lip Makeup,Hempz,Let's Celebrate Buttercream Vanilla Cake Lip Balm,$4.99,4.4,69.0
Lip Makeup,Winky Lux,Citrine Balm pH Lip Balm,$18.00,4.7,117.0
Lip Makeup,Hempz,Star Dust Ultra Moisturizing Shimmer Lip Gloss,$4.99,4.5,109.0
Lip Makeup,NUDESTIX,Gel Color Lip + Cheek Balm,$29.00,4.5,177.0
Lip Makeup,Grande Cosmetics,"GrandeLIPS Hydrating Lip Plumper, Gloss Finish",$27.00,4.4,747.0
Lip Makeup,Rabanne,Lovebalm Hydrating Lip Balm,$28.00,4.3,209.0
Lip Makeup,The Crème Shop,Shimmer Pop Clip-On Lip Gloss,$12.00,4.3,216.0
Lip Makeup,Supergoop!,Unseen Sunscreen Lip Protector SPF 30,$22.00,3.9,118.0
Lip Makeup,RMS Beauty,Chameleon Liplights Cream Lip Gloss,$30.00,4.5,1032.0
Lip Makeup,ColourPop,Lippie Stix Primer,$8.00,4.8,157.0
Lip Makeup,Made By Mitchell,Bare Sparkles Lip Oil,$13.00,4.8,5.0
Lip Makeup,L.A. Girl,Lumilicious Lip Gloss,$7.00,4.8,652.0
Lip Makeup,POUND CAKE,Brown Batter Cake Batter Liquid Lipstick,$24.00,4.7,231.0
Lip Makeup,Hempz,Glow Getter Ultra Moisturizing Shimmer Lip Gloss,$4.99,3.6,5.0
Lip Makeup,Hempz,Whipped Vanilla Lip Balm,$4.99,4.0,6.0
Lip Makeup,KIKO Milano,3D Hydra Lipgloss,$14.00,4.7,505.0
Lip Makeup,about-face,Lip Fix Lip Primer,$15.00,4.0,12.0
Lip Makeup,Benefit Cosmetics,Jelly Donut Bundle,$42.00,,
Lip Makeup,Winky Lux,pH Lip Liner,$16.00,4.8,163.0
Lip Makeup,Flower Knows,Strawberry Cupid Collection Cake Lip Cream,$20.00,5.0,4.0
Lip Makeup,Winky Lux,Pink Lemonade Balm,$19.00,4.6,109.0
Lip Makeup,BLK/OPL,COLORSPLURGE High Shine Lip Gloss,$10.95,4.6,45.0
Lip Makeup,Maybelline,Baby Lips Moisturizing Lip Balm,$6.99,4.3,3123.0
Lip Makeup,Winky Lux,Rainbow pH Tinted Lip Balm,$19.00,4.7,288.0
Lip Makeup,Perricone MD,No Makeup Tinted Lip Oil Treatment,$35.00,4.7,13.0
Lip Makeup,NARS,Afterglow Lip Oil,$28.00,4.8,205.0
Lip Makeup,HOURGLASS,Unlocked Satin Crème Lipstick in Red 0,$38.00,5.0,10.0
Lip Makeup,L.A. Girl,Lip Oil Nourishing pH Reactive Gloss,$6.00,4.4,128.0
Lip Makeup,Tarte,Travel-Size Maracuja Juicy Lip Melt Mask,$15.00,5.0,4.0
Lip Makeup,florence by mills,Oh Whale! Clear Lip Balm,$14.00,4.7,1990.0
Lip Makeup,Pixi,LipLift Max Glossy Lip Plumper,$14.00,4.5,124.0
Lip Makeup,Dior,Addict Lip Maximizer Serum,$42.00,3.4,91.0
Lip Makeup,CoverGirl,Clean Fresh All Over Dewy Tint,$5.49,4.3,386.0
Lip Makeup,Wet n Wild,Nightmare Before Christmas Lip & Cheek Color,$2.00,3.8,5.0
Lip Makeup,Tarte,tarte x Dunkin' Vanilla Icing Maracuja Juicy Lip Plump,$27.00,5.0,2.0
Lip Makeup,Winky Lux,Strawberry Rose Lip Balm,$19.00,4.5,108.0
Lip Makeup,Revolution Beauty,Air Blur Matte Liquid Lipstick,$11.00,4.4,16.0
Lip Makeup,Rabanne,Glowies Lipgloss,$25.00,4.5,262.0
Lip Makeup,rom&nd,Blur Fudge Tint,$14.00,4.8,353.0
Lip Makeup,PÜR Minerals,Silky Tint Creamy Multitasking Stick,$28.00,4.5,281.0
Lip Makeup,Flower Knows,Strawberry Rococo Series Glowy Lip Gloss,$20.00,4.8,5.0
Lip Makeup,Versed,Cloud Wrap Lip Recovery Mask,$14.99,4.8,57.0
Lip Makeup,rom&nd,Glasting Color Gloss,$14.00,5.0,10.0
Lip Makeup,jane iredale,ColorLuxe Hydrating Cream Lipstick,$35.00,4.4,499.0
Lip Makeup,LAURA GELLER,Italian Marble Lipstick,$24.00,4.2,531.0
Lip Makeup,Kiehl's Since 1851,Lip Balm #1 Moisturizing Lip Treatment with Squalane,$14.00,4.0,954.0
Lip Makeup,d'Alba Piedmont,White Truffle Nourishing Serum Lip Balm,$18.00,,
Lip Makeup,Unleashia,Oh! Happy Day Lip Pencil,$14.00,4.4,7.0
Lip Makeup,Sun Bum,CocoBalm,$3.99,4.4,161.0
Lip Makeup,Revolution Beauty,Pout Bomb Plumping Lip Liner,$7.00 - $11.00,3.9,20.0
Lip Makeup,Winky Lux,Sorbet Balm,$19.00,4.7,108.0
Lip Makeup,Pixi,LipMask Tinted Lip Jelly,$12.00,3.9,16.0
Lip Makeup,jane iredale,LipDrink Lip Balm,$25.00,4.4,961.0
Lip Makeup,Tarte,tarte x Dunkin' Maracuja Juicy Shimmer Glass Lip Plump + Free Charm,$27.00,5.0,4.0
Lip Makeup,Revolution Beauty,Balm Glow,$13.00,3.7,156.0
Lip Makeup,Persona,Lip Liner,$16.00,4.1,31.0
Lip Makeup,Revolution Beauty,Lip Allure Soft Satin Lipstick,$9.00,4.0,23.0
Lip Makeup,NUDESTIX,Magnetic Matte Lip Color,$29.00,4.3,413.0
Lip Makeup,CNP Laboratory,Propolis Lipcerin Mini Set,$21.00,5.0,1.0
Lip Makeup,Winky Lux,Affogato Lip Balm,$19.00,4.2,11.0
Lip Makeup,Dionis,Goat Milk Lip Balm,$5.00,4.5,415.0
Lip Makeup,Naked Sundays,Go + Glow Lip Oil with SPF 50,$22.00,4.3,240.0
Lip Makeup,Dior,Rouge Dior Lip Balm,$50.00,2.8,9.0
Lip Makeup,L'Occitane,Shea Butter Ultra Rich Lip Balm,$11.00,3.6,20.0
Lip Makeup,L.A. Girl,Matte Flat Velvet Lipstick,$5.00,3.9,333.0
Lip Makeup,e.l.f. Cosmetics,Love Triangle Lip Filler Liner,$5.00,4.2,795.0
Lip Makeup,Rabanne,Dramalips Glassy Pearly Lipstick,$32.00,4.4,234.0
Lip Makeup,jane iredale,Beyond Matte Lip Stain,$36.00,4.1,515.0
Lip Makeup,Tarte,tarte x Dunkin' Maracuja Juicy Melt Mask + Free Charm,$27.00,3.6,9.0
Lip Makeup,Philosophy,Ultimate Miracle Worker Fix Lip Serum Stick,$29.00,4.2,203.0
Lip Makeup,COOLA,Liplix Hydrating Lip Oil Golden Glow SPF 30,$20.00,4.0,334.0
Lip Makeup,Smashbox,Halo Sheer To Stay Cream Cheek + Lip Tint,$28.00,4.2,574.0
Lip Makeup,Patchology,FlashPatch Hydrating Lip Gel Patches,$17.00,4.0,111.0
Lip Makeup,Kaja,Jelly Charm Glazed Lip Stain & Blush with Keychain,$25.00,4.8,193.0
Lip Makeup,Revolution Beauty,Pout Bomb Shimmer Gloss,$8.00,4.7,7.0
Lip Makeup,RMS Beauty,Liplights Cream Lip Gloss,$30.00,4.5,1032.0
Lip Makeup,Flower Knows,Shell's Jewel Collection Nourishing Lip Glaze,$20.00,4.8,5.0
Lip Makeup,Grande Cosmetics,GrandePOUT Plumping Lip Mask,$24.00,4.5,371.0
Lip Makeup,dearcloud,Jelly Wave Lush Lip Oil,$6.00,4.5,16.0
Lip Makeup,Well People,Lip Butter SPF 15 Tinted Balm,$15.99,3.9,160.0
Lip Makeup,Buxom,Line & Shine Lip Oil & Lip Liner Duo,$35.00,,
Lip Makeup,Dionis,Goat Milk Beauty Balm,$17.00,4.3,54.0
Lip Makeup,BLK/OPL,COLORSPLURGE Risqué Crème Lipstick,$10.75,4.0,14.0
Lip Makeup,ICONIC LONDON,Lustre Lip Oil - Juicy Gloss & Hydration,$26.00,4.9,28.0
Lip Makeup,Winky Lux,Rainbow Confetti Lip Balm,$18.00,4.7,595.0
Lip Makeup,Undefined Beauty,R&R Sun Glaze Mineral SPF 40 Lip Tint,$18.00,4.6,16.0
Lip Makeup,Wet n Wild,SpongeBob SquarePants PR Box,$75.00,3.0,4.0
Lip Makeup,BLK/OPL,Precision Lip Definer,$8.50,4.3,12.0
Lip Makeup,Unleashia,Glacier Vegan Lip Balm,$14.00,4.6,30.0
Lip Makeup,Revolution Beauty,Star Blur Shimmer Matte Liquid Lip,$11.00,,
Lip Makeup,MAC,Chili's Crew Lustreglass Lipstick,$27.00,4.6,2821.0
Lip Makeup,J.Cat Beauty,Plumping Lip Contour Pencil & Brush,$4.99,3.4,16.0
Lip Makeup,Anastasia Beverly Hills,High Shine Mini Lip Gloss Duo,$25.00,3.8,5.0
Lip Makeup,Dionis,Goat Butter Tinted Lip Mask,$15.00,4.0,6.0
Lip Makeup,Well People,Poutlove Peptide Lip Balm,$14.00,4.4,133.0
Lip Makeup,Clarins,Lip Comfort Oil LOVE Collection,$32.00,,
Lip Makeup,Ofra Cosmetics,Long Lasting Liquid Lipstick,$20.00,4.1,270.0
Lip Makeup,Vacation,AriZona Iced Tea Lip Balms,$11.99,4.1,116.0
Lip Makeup,Charlotte Tilbury,Charlotte's Magic Lip Oil Crystal Elixir,$40.00,4.3,7.0
Lip Makeup,BLUME,Superbalm Tripeptide-1 Hydrating Lip Balm,$20.00,4.9,155.0
Lip Makeup,NATASHA DENONA,I Need A Rose Lipstick,$27.00,4.1,12.0
Lip Makeup,jane iredale,HydroPure Hyaluronic Lip Gloss,$30.00,4.0,694.0
Lip Makeup,Dior,Rouge Dior Lipstick Refill,$40.00,5.0,1.0
Lip Makeup,Rabanne,Glowies Pearly Lipgloss,$25.00,4.5,262.0
Lip Makeup,jane iredale,ColorLuxe High Impact Lip Glaze,$32.00,4.6,168.0
Lip Makeup,VT Cosmetics,Reedle Shot Lip Plumper,$14.00,4.0,1.0
Lip Makeup,Flower Knows,Swan Ballet Series Shine Lipstick,$20.00,4.2,6.0
Lip Makeup,fwee,One Minute Ready Lip Serum,$12.00,3.7,6.0
Lip Makeup,Black Girl Sunscreen,Make It Pop Sungloss Shades for Lips SPF 50,$14.99,4.3,10.0
Lip Makeup,Grande Cosmetics,GrandeBUFF Moisturizing Lip Scrub,$24.00,4.8,92.0
Lip Makeup,Rosebud Perfume Co.,Medley of Lip Balm Tubes,$17.00,4.4,11.0
Lip Makeup,J.Cat Beauty,Dew Glow Lip Hydrator,$5.99,4.2,32.0
Lip Makeup,Rabanne,Famous Lipcolor Metallic Lipstick,$32.00,4.4,181.0
Lip Makeup,Tarte,tarte x Dunkin' Vanilla Icing Maracuja Juicy Lip Plump Shimmer Glass,$27.00,,
Lip Makeup,Dionis,Goat Butter Lip Mask,$15.00,4.6,72.0
Lip Makeup,NUDESTIX,Nude Love Lip Palette,$75.00,4.9,25.0
Lip Makeup,Rosebud Perfume Co.,Smith's Rosebud Trio,$17.00,4.3,81.0
Lip Makeup,Wet n Wild,Mega Slicks Lip Gloss,$3.99,4.6,405.0
Lip Makeup,PAT McGRATH LABS,Mini MatteTrance Lipstick Duo: Iconic Hues,$25.00,5.0,1.0
Lip Makeup,FENTY BEAUTY by Rihanna,Fenty Icon Semi-Matte Refillable Lipstick,$20.00,4.4,72.0
Lip Makeup,ICONIC LONDON,Cloud Kiss Matte Lip Mousse,$26.00,5.0,21.0
Lip Makeup,Tarte,tarte x Dunkin' Vanilla Icing Maracuja Juicy Melt Mask,$27.00,2.9,7.0
Lip Makeup,Made By Mitchell,Lip Scrub,$13.00,,
Lip Makeup,KIKO Milano,Lip Scrub,$10.00,4.2,21.0
Lip Makeup,Tarte,tarte x Dunkin' Vanilla Icing Maracuja Juicy Plumping Lip Oil,$27.00,3.5,2.0
Lip Makeup,J.Cat Beauty,Moodflick Holo-Stick Lip Balm,$5.99,4.0,60.0
Lip Makeup,PÜR Minerals,Glossy Lip Tint Plumping Tinted Lip Oil,$24.00,4.6,82.0
Lip Makeup,Dionis,Goat Sugar Lip Scrub,$22.00,,
Lip Makeup,PÜR Minerals,Silky Pout Creamy Lip Chubby Pencil,$18.00,4.5,374.0
Lip Makeup,Rosebud Perfume Co.,Three Lavish Layers of Lip Balm,$17.00,3.6,11.0
Lip Makeup,Ofra Cosmetics,Lip Gloss,$15.00,4.3,3.0
Lip Makeup,NUDESTIX,Nudescreen Lip Primer SPF 30,$22.00,4.2,273.0
Lip Makeup,J.Cat Beauty,Dual-Blade Pencil Sharpener,$2.49,4.1,34.0
Lip Makeup,NATASHA DENONA,I Need A Rose - Long Lasting Easy Glide Lip Pencil,$25.00,4.0,15.0
Lip Makeup,NUDESTIX,90s Nude Lips 3-Piece Mini Kit,$37.00,4.0,2.0
Lip Makeup,Flower Knows,Strawberry Rococo Series Cloud Lip Cream,$20.00,5.0,1.0
Lip Makeup,Pacifica,Reusable Silicone Lip Line Mask,$15.00,3.7,52.0
Lip Makeup,NUDESTIX,NUDEGLOW Lip Set - Hydrating Peptide Lip Butter,$37.00,4.6,41.0
Lip Makeup,J.Cat Beauty,Lipspect Lip Switch Color Changing Lip Oil,$4.99,3.9,55.0
Lip Makeup,Stila,Plumping High-Shine Lip Glaze,$24.00,4.0,104.0
Lip Makeup,L.A. Girl,Gloss Tint Lip Stain,$6.00,3.8,41.0
Lip Makeup,J.Cat Beauty,Amazeme Tinted Lip Crayon,$4.99,2.8,19.0
Lip Makeup,Stila,Travel Size Stay All Day Liquid Lipstick,$15.00,3.0,1.0
Lip Makeup,PROVENCE Beauty,Soft Bisous Plumping Lip Balm,$12.99,4.6,376.0
Lip Makeup,CoverGirl,Outlast Forever Velvet Pigment Matte Lipstick,$11.99,4.4,756.0
Lip Makeup,NATASHA DENONA,Golden Glimmer Gloss Shimmering Lip Plumper,$29.00,4.2,137.0
Lip Makeup,Pixi,LipGlow Tinted Lip Balm,$14.00,4.5,11.0
Lip Makeup,J.Cat Beauty,Scene Stealer Ultra Creamy Lipstick,$4.99,3.4,60.0
Lip Makeup,Lip Smacker,Rolly Lip Gloss,$5.50,2.8,13.0
Lip Makeup,Moon,Smile Perfector Duo,$39.99,4.5,35.0
Lip Makeup,BLK/OPL,Honey Dew Me Lip Oil,$9.00,4.1,27.0
Lip Makeup,Dionis,3 Piece Lip Care Kit,$40.00,5.0,1.0
Lip Makeup,ETUDE,Dear Darling Oil LipTint,$11.99,3.7,3.0
Lip Makeup,Winky Lux,Pumpkin Spice Latte Lip Balm,$19.00,4.2,64.0
Lip Makeup,PAT McGRATH LABS,Lip Fetish Sheer Colour Lip Balm,$39.00,4.2,6.0
Lip Makeup,Persona,Daymask Peptide Lip Balm,$24.00,4.0,2.0
Lip Makeup,Made By Mitchell,Lip Trick Lip Liner,$13.00,,
Lip Makeup,Smashbox,Be Seen + Be Legendary Prime & Plush Lipstick,$28.00,4.5,607.0
Lip Makeup,KIKO Milano,Unlimited Double Touch,$18.00,4.5,288.0
Lip Makeup,Tarte,tarte x Dunkin' Vanilla Icing Maracuja Juicy Lip Vinyl,$27.00,4.0,2.0
Lip Makeup,PAT McGRATH LABS,LiquiLUST: Legendary Wear Metallic Lipstick,$34.00,2.8,6.0
Lip Makeup,PMD,Kiss Lip Plumping Collagen Boost System,$139.00,3.7,135.0
Lip Makeup,NATASHA DENONA,I Need A Rose Lip Gloss,$27.00,4.8,21.0
Lip Makeup,Wet n Wild,Disney Villains Pick Your Vice Plumping Lip Gloss - Totally Twisted,$4.90,3.2,5.0
Lip Makeup,NATASHA DENONA,I Need A Nude Lipstick,$27.00,4.5,47.0
Lip Makeup,Well People,Lip Nurture Hydrating Balm,$15.00,4.3,137.0
Lip Makeup,bareMinerals,MINERALIST Lasting Matte Liquid Lipstick,$23.00,4.5,586.0
Lip Makeup,Wet n Wild,Lip Oil,$6.99,4.0,10.0
Lip Makeup,Wet n Wild,Kuromi Anniversary Lip Mask,$6.50,4.0,4.0
Lip Makeup,J.Cat Beauty,Freedom Creator Lip Palette,$17.99,4.0,14.0
Lip Makeup,Stila,Stay All Day ArtiStix Graphic Liner,$24.00,4.4,96.0
Lip Makeup,NATASHA DENONA,I Need A Rouge Lip Styletto,$27.00,4.8,121.0
Lip Makeup,Pixi,NaturelleLip Lipstick,$12.00,4.0,8.0
Lip Makeup,Ofra Cosmetics,Gone MIA Mini Liquid Lipstick Set,$20.00,4.6,27.0
Lip Makeup,BLK/OPL,Lip Balm,$9.25,4.4,18.0
Lip Makeup,PÜR Minerals,Cloud Balm Hydrating Lip Treatment,$24.00,4.5,94.0
Lip Makeup,J.Cat Beauty,Liptonix Plumping Gloss,$4.99,3.0,6.0
Lip Makeup,Luna Daily,The Nip and Lip Balm,$28.00,4.9,7.0
Lip Makeup,Duke Cannon Supply Co,Cannon Balm,$8.99,5.0,14.0
Lip Makeup,TONYMOLY,Squishmallows Flavor-ite Friends Lip Gloss Trio,$24.00,,
Lip Makeup,Wet n Wild,Disney Villains Pick Your Vice Plumping Lip Gloss - Un-Friended,$4.90,3.2,5.0
Lip Makeup,J.Cat Beauty,Pout Pop Plumping Gloss Stick,$5.99,5.0,1.0
Lip Makeup,BLOSSOM,Moisturizing Lip Gloss Tube,$8.00,3.4,16.0
Lip Makeup,HERBIVORE,COCO ROSE Coconut + Peptide Lip Balm-to-Oil,$24.00,3.0,4.0
Lip Makeup,Kiehl's Since 1851,Buttermask For Lips Overnight Treatment,$24.00,4.0,200.0
Lip Makeup,Revolution Beauty,Pout Balm,$7.00,3.8,16.0
Lip Makeup,Ofra Cosmetics,Cheek & Lip Cream,$18.00,4.6,9.0
Lip Makeup,KIKO Milano,Lip Volume,$12.00,4.3,23.0
Lip Makeup,NARS,Precision Lip Liner,$26.00,4.5,104.0
Lip Makeup,NATASHA DENONA,I Need A Rouge Lip Crayon,$25.00,4.9,174.0
Lip Makeup,Patchology,Kiss & Tell Hydrating & Plumping Lip Kit,$18.00,3.7,6.0
Lip Makeup,LORAC,LUX Diamond Lip Gloss Set,$38.00,,
Lip Makeup,L'Oréal,Colour Riche Matte Lip Liner,$9.49,4.1,589.0
Lip Makeup,Dr. PAWPAW,Lip Balm SPF 30,$6.25,2.9,12.0
Lip Makeup,L.A. Girl,Holographic Gloss Topper,$5.00,4.5,87.0
Lip Makeup,Elizabeth Arden,Eight Hour Cream Nourishing Lip Balm Broad Spectrum Sunscreen SPF 20,$38.00,4.3,1045.0
Lip Makeup,Squishmallows,Lip Gloss,$6.75,1.0,3.0
Lip Makeup,Pixi,TintFix Satin Lip Tint,$14.00,3.7,27.0
Lip Makeup,NATASHA DENONA,Berry Pop Lip Crayon,$25.00,4.8,101.0
Lip Makeup,ICONIC LONDON,Melting Touch Lip Balm,$26.00,4.8,25.0
Lip Makeup,CHANEL,ROUGE ALLURE L'EXTRAIT High-Intensity Colour Concentrated Radiance and Care Refillable,$60.00,5.0,4.0
Lip Makeup,Wet n Wild,My Melody Anniversary Lip Mask,$6.50,3.5,2.0
Lip Makeup,KIKO Milano,Everlasting Colour Precision Lip Liner,$13.00,3.7,25.0
Lip Makeup,L.A. Girl,Sweet Berry Lip Mask,$6.00,4.3,49.0
Lip Makeup,Ere Perez,Coco Crayon,$27.00,3.9,9.0
Lip Makeup,NUDESTIX,Nude Plumping Lip Glace,$30.00,4.6,219.0
Lip Makeup,Ere Perez,Mango Lip Honey,$27.00,4.0,6.0
Lip Makeup,BLK/OPL,COLORSPLURGE Risqué Matte Lipstick,$10.75,4.3,4.0
Lip Makeup,Milani,Keep It Full Maxxx Lip Plumper,$5.49,3.7,193.0
Lip Makeup,Dr. PAWPAW,Plumping Lip Oil,$6.25,2.7,12.0
Lip Makeup,Hey Honey,Trick & Treat Tinted Lip Balm,$23.00,4.7,86.0
Lip Makeup,Ere Perez,Carrot Colour Pot,$31.00,4.2,18.0
Lip Makeup,Revolution Beauty,Matte Bomb Liquid Lip,$7.00,3.5,11.0
Lip Makeup,LORAC,Holy Lips Plumping Serum,$11.00 - $20.00,3.6,22.0
Lip Makeup,Lancôme,L'Absolu Rouge Drama Matte Lipstick,$35.00,4.7,1253.0
Lip Makeup,RescueMD,Skin Rescue Set,$134.40,5.0,7.0
Lip Makeup,Saturday Skin,Yuzu Vitamin C Lip Mask,$19.00,4.9,36.0
Lip Makeup,Sigma Beauty,Renew Lip Oil,$22.40,4.8,100.0
Lip Makeup,KimChi Chic Beauty,Cherry Chic Lip Gloss,$12.00,4.7,10.0
Lip Makeup,Doll 10,Peptide Plump Lip Treatment,$25.00,5.0,2.0
Lip Makeup,Sara Happ,The Lip Plumper Peptide Treatment,$32.00,5.0,1.0
Lip Makeup,Sara Happ,The Lip Scrub,$26.00,4.2,42.0
Lip Makeup,Sara Happ,The Lip Airbrush Blurring Cream,$24.00,,
Lip Makeup,Sara Happ,The Dreamy Lip Kit,$48.00,,
Lip Makeup,Sigma Beauty,Hydro Melt Lip Mask,$22.40,5.0,39.0
Lip Makeup,Sara Happ,Let's Glow: Lip Scrub & Shine Kit,$38.00,4.4,9.0
Lip Makeup,Doll 10,Doll Skin Nude Lip Wardrobe,$30.00,,
Lip Makeup,HALEYS Beauty,Re-mark Dual Ended Lipstick + Liner,$29.00,4.8,81.0
Lip Makeup,Sigma Beauty,Infinity Point Lipstick,$25.60,4.8,37.0
Lip Makeup,Sigma Beauty,Lip Cream,$25.00,,
Lip Makeup,Glimmer Wish,Glimmer Whip - Whipped Lip Balm Set,$70.00,,
Lip Makeup,Doll 10,Peptide Bounce Balm Tinted Lip Treatment,$24.00,5.0,1.0
Lip Makeup,Sara Happ,The Lip Slip Balm,$30.00,3.7,72.0
Lip Makeup,Glimmer Wish,Glimmer Whip - Whipped Lip Balm,$19.00,,
Lip Makeup,Sara Happ,The Glow Balm,$32.00,,
Lip Makeup,Sara Happ,The (Day) Dream Slip Daily Lip Treatment,$32.00,,
Lip Makeup,PRAI Beauty,Ageless Lip & Line Filler,$30.00,3.7,171.0
Lip Makeup,Ogee,Tinted Sculpted Lip Oil,$29.00,4.9,1327.0
Lip Makeup,Ogee,Sculpted Lip Oil,$28.00,4.9,1327.0
Lip Makeup,Exoceuticals,EXO LIPS Hydra Healing Lip Balm,$54.00,4.7,64.0
Lip Makeup,Blue Lagoon Skincare,Lip Balm,$25.00,4.4,14.0
Lip Makeup,BYROE,Mojito Lip Mask,$25.00,5.0,1.0
Lip Makeup,Sigma Beauty,Hydrating Lip Duo,$45.00,,
Lip Makeup,Monika Blunder Beauty,Sweet Talk Lip Oil,$32.00,,
Lip Makeup,Monika Blunder Beauty,Hot Line Lip Liner,$22.00,,
Lip Makeup,Monika Blunder Beauty,Botanical Balm Hyaluronic Lip Tint,$26.00,,
Lip Makeup,Monika Blunder Beauty,Kissen Lush Lipstick Crayon,$32.00,4.5,4.0
Lip Makeup,Dehiya Beauty,Mahiri Lip + Cheek Tint,$26.60,,
Lip Makeup,Ortega Beauty,Blu Nectar Lip Oil,$21.00,5.0,1.0
Lip Makeup,Ortega Beauty,Liquid Icon Hyper Gloss,$18.00,,
Lip Makeup,Ortega Beauty,Agave Glow Color Stick,$22.00,4.0,1.0
Lip Makeup,Ortega Beauty,Soft Contour Lip Liner,$16.00,4.7,3.0
Lip Makeup,BYROE,Black Cherry Plump Lip Oil,$26.00,5.0,2.0
Lip Makeup,BYROE,Banana Brulee Lip Oil,$26.00,,
Lip Makeup,RescueMD,Restorative Lip Treatment,$38.40,5.0,19.0
Lip Makeup,Knemo,LIPLOCK Jelly Serum,$18.00,5.0,12.0
Lip Makeup,Alleyoop,Sun Serum Lip Oil Broad Spectrum SPF 40 Mineral Sunscreen,$13.00 - $26.00,4.8,607.0
Lip Makeup,Alleyoop,Lip Goals Glossy Balm,$14.40,4.8,525.0
Lip Makeup,Alleyoop,Pen Pal 4-in-1 Touch-Up Pen,$16.00 - $20.00,4.6,4046.0
Lip Makeup,ATWATER,Lip Amor Lip Moisturizer,$12.00,5.0,8.0
Lip Makeup,KAHI,Kisstin Balm Pink,$28.00,,
Lip Makeup,Eve Lom,Kiss Mix,$25.00,,
Lip Makeup,KOCOSTAR,Rose Lip Mask,$13.99,5.0,3.0
Lip Makeup,Nuxe,Very Rose Lip Balm,$20.00,,
Lip Makeup,Nuxe,Rêve de Miel Honey Lip Oil,$26.00,,
Lip Makeup,Nuxe,Rêve de Miel Lip Moisturising Stick,$11.50,,
Lip Makeup,Jouer Cosmetics,Tinted Hydrating Lip Oil,$25.00,,
Lip Makeup,Jouer Cosmetics,Essential Hydrating Lip Oil,$24.00,,
Lip Makeup,Jouer Cosmetics,Blush & Bloom Cheek + Lip Stick,$37.00,,
Lip Makeup,Jouer Cosmetics,Essential pH Adjusting Lip Balm,$27.00,,
Lip Makeup,Jouer Cosmetics,Essential Lip Enhancer,$20.00,,
Lip Makeup,Jouer Cosmetics,The Lip Edit,$38.00,,
Lip Makeup,Sara Happ,The Lip Essentials Discovery Set,$36.00,,
Lip Makeup,BYROE,Sugar Plum Shimmer Lip Oil,$26.00,5.0,1.0
Lip Makeup,Triumph & Disaster,Jaggr Lip Balm,$15.00,1.3,4.0
Lip Makeup,Queen Cosmetics,Diamond Shimmer High Shine Lip Gloss,$22.00,5.0,9.0
Lip Makeup,Queen Cosmetics,Holographic Lip Gloss,$22.00,4.7,6.0
Lip Makeup,Queen Cosmetics,Lip Kit,$40.00 - $42.00,3.7,3.0
Lip Makeup,Decorté,Liposome Advanced Repair Lip Serum,$65.60,4.9,25.0
Lip Makeup,Algenist,Genius Liquid Collagen Lip,$29.00,,
Lip Makeup,Palladio Beauty,Hydrating Lip Oil,$12.99,4.5,15.0
Lip Makeup,Palladio Beauty,Lip Glaze Serum,$15.99,,
Lip Makeup,Palladio Beauty,Herbal Lip Gloss,$11.99,5.0,24.0
Lip Makeup,Palladio Beauty,Liquid Blush - 2-in-1 Lip & Cheek Tint,$14.99,4.3,14.0
Lip Makeup,Palladio Beauty,I'm Blushing 2-in-1 Cheek and Lip Tint,$14.99,4.8,30.0
Lip Makeup,Palladio Beauty,Retractable Waterproof Lip Liner,$14.99,4.4,312.0
Lip Makeup,Palladio Beauty,Lip Liner Classic Pencil,$9.99,4.1,256.0
Lip Makeup,Palladio Beauty,Precision Lip Liner Classic Pencil,$11.99,4.4,49.0
Lip Makeup,Palladio Beauty,Felt-Tip Eyeliner Pen,$12.99,3.4,41.0
Lip Makeup,Palladio Beauty,Lip Scrub,$9.99,4.9,7.0
Lip Makeup,Palladio Beauty,Butter Balm,$12.99,4.6,22.0
Lip Makeup,Palladio Beauty,Lip Mask with Shea Butter & Sweet Cherry,$15.99,4.2,5.0
Lip Makeup,Palladio Beauty,Herbal Satin Lipstick,$14.99,4.3,86.0
Lip Makeup,Palladio Beauty,Herbal Matte Lipstick,$14.99,4.6,22.0
Lip Makeup,Palladio Beauty,Matte Cream Lip Color Lipstick,$12.99,4.2,5.0
Lip Makeup,Palladio Beauty,Lip Stain Marker,$14.99,3.3,338.0
Lip Makeup,Palladio Beauty,Jelly Tint - 2-in-1 Lip & Cheek Tint Stain,$14.99,4.3,8.0
Lip Makeup,Ogee,Midnight's Kiss Lip & Cheek Duo,$57.00,4.9,48.0
Lip Makeup,Ogee,Beyond Clean Lip Gloss,$29.00,4.7,472.0
Lip Makeup,SUBTL. Beauty,6-in-1 Full Face Makeup Stack with Dual-Ended Face Brush,$99.00,4.6,36.0
Lip Makeup,Ogee,Minute To Glow Makeup Set,$148.00,4.6,53.0
Lip Makeup,ATWATER,Lip Armor Moisturizing Lip Balm Pack,$36.00,5.0,1.0
Lip Makeup,BYROE,Sweet Treats Lip Oil Trio,$42.00,,
Lip Makeup,Ogee,Lush Sunset Lip & Cheek Duo,$57.00,4.8,37.0
Lip Makeup,Merythod,Water-Fit Blur Tint,$15.00,,
Lip Makeup,Merythod,Aengdu-Fit Glossy Tint,$15.00,,
Lip Makeup,Merythod,Bling Chu Lip Oil 2-Pack,$20.00,,
Lip Makeup,Merythod,Dewy Jelly Lip 2-Pack,$26.00,,
Lip Makeup,Merythod,Dewy Melting Balm,$18.00,,
Lip Makeup,Ogee,Dew-Kissed Morning Lip & Cheek Duo,$57.00,4.9,52.0
Lip Makeup,Ogee,Twilight Bloom Lip & Cheek Duo,$57.00,4.9,36.0
Lip Makeup,Glimmer Wish,Hot Chocolate and Toasted Marshmallow Glimmer Whip Duo,$38.00,5.0,1.0
Lip Makeup,Ogee,Espresso Trio Contour & Lip Set,$90.00,5.0,17.0
Lip Makeup,Ogee,Nourishing Duo,$125.00,4.0,1.0
Lip Makeup,Jenny Patinkin,"Go Gloss, Girl Lip Gloss Set | Sheer Nude Shimmer Glosses (Set of 3)",$21.00,,
Lip Makeup,Babe Original,Lip Mask,$15.00,4.8,209.0
Lip Makeup,Doll 10,Peptide Plumping Satin Lip Stain,$24.00,4.5,2.0
Lip Makeup,Ogee,Glimmer Lip Gloss Trio,$70.00,4.9,15.0
Lip Makeup,MDSolarSciences,Hydrating Sheer Lip Balm SPF 30,$26.00,4.6,362.0
Lip Makeup,Sara Happ,The Luxe Gloss,$28.00,3.6,11.0
Lip Makeup,Saint Jane,Luxury Lip Oil,$28.00,,
Lip Makeup,SUBTL. Beauty,7-in-1 Full Face Makeup Stack with Brush Set and Travel Bag,$120.00,5.0,11.0
Lip Makeup,SUBTL. Beauty,5-in-1 Full Face Makeup Stack,$66.00,4.0,13.0
Lip Makeup,NassifMD Skincare,Hydro-Screen Lip Plumper,$36.00,4.4,78.0
Lip Makeup,My Neighbor's Tallow,Rose Tallow Lip Balm,$15.40,5.0,1.0
Lip Makeup,My Neighbor's Tallow,Tinted Tallow Rose Lip Balm,$15.40,3.0,2.0
Lip Makeup,Doll 10,Peptide Plumping Lip Serum,$24.00,2.0,1.0
Lip Makeup,Abature,Lip Butter,$24.00,5.0,17.0
Lip Makeup,Anthony,Blood Orange Lip Balm SPF 25,$10.00,,
Lip Makeup,HALEYS Beauty,5-Minute Everyday Makeup Starter Set,$67.00,,
Lip Makeup,Apieu,Honey & Milk Daily Lip Mask,$10.00 - $12.00,4.0,2.0
Lip Makeup,Abature,Pro Lip Care Kit,$78.00,5.0,5.0
Lip Makeup,Makari,Nourishing Lip Butter Balm,$12.00,3.9,10.0
Lip Makeup,HALEYS Beauty,Mother’s Day Nourishing Lip Balm Gift Set,$24.00,,
Lip Makeup,HALEYS Beauty,Mother’s Day Lipstick & Liner Trio Gift Set,$54.00,,
Lip Makeup,Sigma Beauty,Lip Cream Trio,$53.00,,
Lip Makeup,Sigma Beauty,Lipstick Trio,$67.00,,
Lip Makeup,Sigma Beauty,Lip Oil Trio,$67.00,,
Lip Makeup,Abature,Lip Scrub,$24.00,5.0,4.0
Lip Makeup,Abature,Vitamin C Anti-Aging Lip Serum,$32.00,5.0,2.0
Lip Makeup,Abature,Fatlip Plumping Lip Serum,$32.00,4.8,4.0
Lip Makeup,Babe Original,Cloud 9 Lip Serum,$23.00,4.7,167.0
Lip Makeup,Metamorphosis,LushLips Transformation Red Light Therapy Lip+Perioral Rejuvenation System,$254.15,5.0,4.0
Lip Makeup,HALEYS Beauty,Re-dew Hydrating Glossy Lip Stain,$25.00,4.8,114.0
Lip Makeup,SUBTL. Beauty,Stackable Lip Glaze Single,$18.00,,
Lip Makeup,The Organic Skin Co.,Soothe Operator Calming Turmeric & Calendula Balm,$24.99,4.3,22.0
Lip Makeup,Lilly Lashes,Lip Thrill Sheer Vibrating Lip Gloss,$18.00,,
Lip Makeup,The Lip Bar,The Prototype Botanical Lip Oil Trio Set,$38.00,5.0,1.0
Lip Makeup,NOTO Botanics,Glassa Balm Oil-To-Balm Lip Treatment,$26.00,5.0,2.0
Lip Makeup,The Lip Bar,4K High Shine Gloss and Straight Line Lip Liner Set,$27.00,5.0,3.0
Lip Makeup,NOTO Botanics,Multi-Bene Stick Lip + Cheek Color,$26.00,5.0,3.0
Lip Makeup,The Lip Bar,"Nonstop Liquid Matte Lipstick, Gloss Up Sheer Finish Gloss & Lip Liner Set",$38.00,5.0,2.0
Lip Makeup,The Lip Bar,Nonstop Liquid Matte Lipstick & Gloss Up Sheer Finish Gloss Set,$30.00,5.0,2.0
Lip Makeup,Apieu,Honey & Milk Lip Oil,$12.00,,
Lip Makeup,Sara Happ,Cushion Kiss pH Tinted Lip Oil,$28.00,,
Lip Makeup,The Lip Bar,Straight Line Creamy Lip Liner Trio Set,$33.00,,
Lip Makeup,Hampton Sun,SPF 30 Mineral Moisture Lip Balm ,$15.00,,
Lip Makeup,MISSHA,DareTint Lip Balm,$18.00,5.0,1.0
Lip Makeup,MISSHA,Dewy Rouge,$17.00,,
Lip Makeup,Minimalist,L-Ascorbic Acid 8% Lip Balm,$9.99,,
Lip Makeup,Minimalist,Ceramide Lip Balm,$7.99,,
Lip Makeup,The Lip Bar,Nonstop Liquid Matte Lipstick Duo,$30.00,,
Lip Makeup,Surratt Beauty,Lipslique,$34.00,,
Lip Makeup,Rude,Lip Oil Massage Duo,$10.00,,
Lip Makeup,Rude,Lip Oil Massage Tinted & Plumping Lip Oil Duo Set,$11.00,,
Lip Makeup,Rude,Berry Juicy Lip Gloss Trio,$11.00,,
Lip Makeup,Rude,Berry Plump Plumping Lip Gloss Trio,$11.75,,
Lip Makeup,Dermasuri,Sugar Lip Scrub,$14.99,,
Lip Makeup,Rude,Berry Juicy Lip Balm Trio,$11.00,,
Lip Makeup,Metamorphosis,LushLips Hydrogel Mask,$25.00,,
Lip Makeup,CLE Cosmetics,Melting Lip Powder,$18.00,,
Lip Makeup,CLE Cosmetics,Melting Lip Powder Mini Set,$36.00,,
Lip Makeup,CLE Cosmetics,Color & Shine Set,$48.00,,
Lip Makeup,Sigma Beauty,Self-Care Spa Set,$52.20,,
Lip Makeup,Sigma Beauty,Ready in Minutes Duo,$43.20,,
Lip Makeup,Izzy Zero Waste Beauty,Izzy x Kaylaan Fresh Smile & Hydrated Lips Duo,$49.95,,
Lip Makeup,Izzy Zero Waste Beauty,Izzy x Kaylaan Sonic Smile & Gloss Lip Set,$149.95,,
Lip Makeup,Izzy Zero Waste Beauty,Izzy's Zero Waste Beauty Essentials,$55.00,,
Lip Makeup,Dermelect,Smooth Lip Volumizer,$45.00,,
Lip Makeup,Superegg,Infinite Layers Lip Care,$28.00,,
Lip Makeup,Dermelect,Smooth & Supple Lip Mask Melt,$26.00,,
Lip Makeup,Dermelect,Smooth Upper Lip Perioral Anti-Aging Treatment,$49.00,,
Lip Makeup,Dermelect,Smooth Upper Lip Professional Perioral Anti-Aging Treatment,$59.00,,
Lip Makeup,PINKWONDER,Jojoba Lip Butter,$20.00,,
Lip Makeup,HOURGLASS,Nº 28 Lip Treatment Oil,$56.00,3.6,12.0
Lip Makeup,Ere Perez,Beetroot Cheek & Lip Tint,$30.00,4.2,153.0
Lip Makeup,CHANEL,ROUGE ALLURE LAQUE Ultrawear Shine Liquid Lip Colour,$53.00,3.4,5.0
Lip Makeup,NATASHA DENONA,I Need A Rouge Matte Liquid Lipstick,$24.00,4.6,12.0
Lip Makeup,good light,XO Kissy Lip Set,$29.00,4.8,4.0
Lip Makeup,Winky Lux,Espresso ‘Tini Lip Balm,$19.00,4.9,109.0
Lip Makeup,Essence,Lip Care Strawberry Milkshake Jelly Sleeping Mask,$2.49,4.5,11.0
Lip Makeup,ULTA Beauty Collection,Lip Lacquer High Shine Liquid Lipstick,$1.20,2.2,115.0
Lip Makeup,NABLA,Viper Lip Plumper,$6.25,4.2,101.0
Lip Makeup,RMS Beauty,Legend to Love Kit,$55.00,4.8,120.0
Lip Makeup,fresh,Sugar Lip Polish Exfoliator,$21.00,4.6,382.0
Lip Makeup,KIKO Milano,Coloured Balm Lip Balm,$10.00,4.4,22.0
Lip Makeup,rom&nd,Glasting Melting Balm,$14.00,4.8,1728.0
Lip Makeup,Buxom,Full-On Plumping Liquid Lipstick Matte,$26.00,4.3,684.0
Lip Makeup,Dr. Squatch,Men's Natural Moisturizing Lip Balm,$3.99,,
Lip Makeup,Well People,Well People x Lipstick Angels Lush Lip Tinted Oil,$12.00,4.8,2969.0
Lip Makeup,BeautyBio,The Pout Sparkling Rosé Volumizing Lip Serum,$19.50,4.2,204.0
Lip Makeup,KVD Beauty,Metallic Everlasting Hyperlight Vegan Transfer-Proof Liquid Lipstick,$23.00,4.4,6745.0
Lip Makeup,Beekman 1802,Pure Goat Milk Lip Balm,$10.00,4.8,477.0
Lip Makeup,Wet n Wild,Soft Blur Matte Lipstick,$5.99,4.4,93.0
Lip Makeup,Patchology,Lip Service Gloss-To Balm Treatment,$1.50,4.6,49.0
Lip Makeup,BeautyBio,GloPRO LIP MicroTip Attachment,$19.50,4.8,16.0
Lip Makeup,Oars + Alps,SPF Shine-Free Lip Balm 3-Pack - Island Lime,$12.00,,
Lip Makeup,Sara Happ,The Lip Slip Gloss,$24.00,3.2,52.0
Lip Makeup,Florasis,Flawless Jade Shine Liquid Lipstick,$29.00,,
Lip Makeup,Florasis,Ginseng Care Lip Balm,$15.00,5.0,4.0
Lip Makeup,Sara Happ,The Dream Slip Overnight Lip Mask,$34.00,4.6,33.0
Lip Makeup,Nuxe,Rêve de Miel Honey Lip Balm,$22.00,,
Lip Makeup,Veea Face,Nourishing Lip Masque,$46.00,5.0,1.0
Lip Makeup,Florasis,Blooming Rouge Love Lock Engraved Lipstick,$39.20,5.0,11.0
Lip Makeup,Queen Cosmetics,Glazed Donut Mega Volume Lip Enhancer,$24.00,5.0,1.0
Lip Makeup,HALEYS Beauty,Re-pair Nourishing Lip Balm + Gloss Treatment,$15.00,4.8,32.0
Lip Makeup,Florasis,Blooming Rouge Ultra Smooth Satin Liquid Lipstick,$23.20,5.0,4.0
Lip Makeup,Dior,Addict Lipstick Fashion Case,$32.00,4.8,161.0
Lip Makeup,MAC,Chili's Crew Retro Matte Liquid Lipcolour,$26.00,5.0,1.0
Lip Makeup,LAMIK Beauty,Glow Gloss,$20.00,4.8,6.0
Lip Makeup,NATASHA DENONA,Berry Pop Lipstick,$27.00,4.6,102.0
Lip Makeup,Charlotte Tilbury,Pillow Talk Love Effect K.I.S.S.I.N.G Lipstick,$37.00,4.6,498.0
Lip Makeup,Charlotte Tilbury,Pillow Talk Love Effect Matte Revolution Lipstick,$37.00,4.5,4.0
Lip Makeup,Lancôme,Le Lipstique Dual Ended Lip Pencil with Brush,$28.00,4.3,494.0
